id,account_id,category_id,date,amount,type,note,is_recurring,is_split_parent,is_split_child,parent_transaction_id,to_account_id
1,Cash,Groceries,2025-04-16 06:02:00,175,expense,"",false,false,false,,
2,Cash,Groceries,2025-04-17 19:39:00,120,expense,"groceries",false,false,false,,
3,Cash,Online Delivery,2025-04-18 21:06:00,311,expense,"",false,false,false,,
4,Cash,Fuel,2025-04-18 22:07:00,164.61,expense,"electric car charge at Varkala",false,false,false,,
5,Cash,Online Delivery,2025-04-19 22:00:00,320,expense,"ice cream, Kovalam",false,false,false,,
6,Cash,Online Delivery,2025-04-19 22:00:00,588,expense,"mandi manzil",false,false,false,,
7,Cash,Online Delivery,2025-04-20 22:17:00,470,expense,"fruits",false,false,false,,
8,Cash,Groceries,2025-04-20 22:17:00,210,expense,"fish and groceries",false,false,false,,
9,Cash,Groceries,2025-04-21 19:34:00,1014,expense,"groceries",false,false,false,,
10,Cash,Online Delivery,2025-04-21 19:34:00,240,expense,"Chinese box lunch",false,false,false,,
11,Cash,Fuel,2025-04-22 22:26:00,200,expense,"petrol in Espresso",false,false,false,,
12,Cash,Online Delivery,2025-04-23 17:34:00,110,expense,"bakery snack",false,false,false,,
13,Cash,Online Delivery,2025-04-24 17:35:00,55,expense,"snak",false,false,false,,
14,Cash,Groceries,2025-04-24 22:17:00,308,expense,"groceries",false,false,false,,
15,Cash,Online Delivery,2025-04-25 13:24:00,115,expense,"mango shake",false,false,false,,
16,Cash,Online Delivery,2025-04-25 18:57:00,335,expense,"altaza",false,false,false,,
17,Cash,Groceries,2025-04-25 18:58:00,40,expense,"groceries",false,false,false,,
18,Cash,Credit Card EMI,2025-04-25 18:58:00,15,expense,"medical",false,false,false,,
19,Cash,Online Delivery,2025-04-25 18:58:00,81,expense,"",false,false,false,,
20,Cash,Online Delivery,2025-04-27 03:59:00,500,expense,"Briyani and Drinks",false,false,false,,
21,Cash,Groceries,2025-04-27 20:04:00,378,expense,"groceries",false,false,false,,
22,Cash,Groceries,2025-04-28 19:09:00,512,expense,"groceries",false,false,false,,
23,Cash,Online Delivery,2025-04-29 22:07:00,310,expense,"dinner",false,false,false,,
24,Cash,Public Transit,2025-04-29 22:08:00,31,expense,"bus",false,false,false,,
25,Cash,Public Transit,2025-04-30 19:32:00,20,expense,"",false,false,false,,
26,Cash,Online Delivery,2025-04-30 19:33:00,95,expense,"",false,false,false,,
27,Cash,Home,2025-04-30 19:33:00,1200,expense,"for Gas",false,false,false,,
28,Cash,Home,2025-04-30 19:33:00,968,expense,"",false,false,false,,
29,Cash,Public Transit,2025-04-30 19:34:00,147.25,expense,"kailas ticket",false,false,false,,
30,Cash,Social,2025-05-01 15:50:00,5000,expense,"achu",false,false,false,,
31,Cash,Salary,2025-05-01 19:43:00,100000,income,"",false,false,false,,
32,Cash,Credit Card EMI,2025-05-01 20:27:00,9636,expense,"credit card",false,false,false,,
33,Cash,Social,2025-05-01 22:17:00,13000,expense,"",false,false,false,,
34,Cash,Home,2025-05-01 22:23:00,10000,expense,"amma and achan",false,false,false,,
35,Cash,Mutual Funds,2025-05-02 07:07:00,12200,savings,"",false,false,false,,
36,Cash,Credit Card EMI,2025-05-02 07:08:00,3000,expense,"axio",false,false,false,,
37,Cash,Health,2025-05-05 14:45:00,160,expense,"",false,false,false,,
38,Cash,Groceries,2025-05-05 14:47:00,1170,expense,"kunjil hypermarket",false,false,false,,
39,Cash,Online Delivery,2025-05-05 14:48:00,378,expense,"Mandi manzil",false,false,false,,
40,Cash,Groceries,2025-05-06 20:57:00,447,expense,"groceries",false,false,false,,
41,Cash,Health,2025-05-06 20:57:00,170,expense,"medicine",false,false,false,,
42,Cash,Online Delivery,2025-05-06 22:03:00,60,expense,"ehgs",false,false,false,,
43,Cash,Health,2025-05-07 09:26:00,100,expense,"registration renewal",false,false,false,,
44,Cash,Health,2025-05-07 09:35:00,945,expense,"medicine",false,false,false,,
45,Cash,Social,2025-05-07 09:35:00,2000,expense,"lensekart Kailas",false,false,false,,
46,Cash,Social,2025-05-10 07:23:00,20000,expense,"",false,false,false,,
47,Cash,Groceries,2025-05-10 12:00:00,135,expense,"groceries",false,false,false,,
48,Cash,Groceries,2025-05-11 11:58:00,1173,expense,"groceries",false,false,false,,
49,Cash,Online Delivery,2025-05-11 12:00:00,403,expense,"chiken",false,false,false,,
50,Cash,Online Delivery,2025-05-11 12:01:00,165,expense,"fruits",false,false,false,,
51,Cash,Credit Card EMI,2025-05-11 19:15:00,1828,expense,"credits card bills",false,false,false,,
52,Cash,Online Delivery,2025-05-12 22:16:00,270,expense,"",false,false,false,,
53,Cash,Online Delivery,2025-05-12 22:16:00,65,expense,"",false,false,false,,
54,Cash,Public Transit,2025-05-12 22:16:00,15,expense,"",false,false,false,,
55,Cash,Credit Card EMI,2025-05-12 22:16:00,480,expense,"",false,false,false,,
56,Cash,Online Delivery,2025-05-13 22:20:00,70,expense,"",false,false,false,,
57,Cash,Online Delivery,2025-05-14 22:04:00,210,expense,"",false,false,false,,
58,Cash,Online Delivery,2025-05-15 22:00:00,240,expense,"",false,false,false,,
59,Cash,Home,2025-05-17 14:16:00,2000,expense,"to anil chilla",false,false,false,,
60,Cash,Public Transit,2025-05-17 14:17:00,23,expense,"kztm to eastfort",false,false,false,,
61,Cash,Online Delivery,2025-05-18 22:03:00,215,expense,"altaza",false,false,false,,
62,Cash,Groceries,2025-05-18 22:03:00,70,expense,"eggs",false,false,false,,
63,Cash,Groceries,2025-05-18 22:05:00,1502,expense,"cloth stand",false,false,false,,
64,Cash,Online Delivery,2025-05-19 07:21:00,356,expense,"",false,false,false,,
65,Cash,Credit Card EMI,2025-05-19 17:07:00,190,expense,"dtdc thennal bank statemet uber",false,false,false,,
66,Cash,Online Delivery,2025-05-19 17:08:00,30,expense,"",false,false,false,,
67,Cash,Online Delivery,2025-05-22 07:22:00,410,expense,"rasna me and kailas",false,false,false,,
68,Cash,Credit Card EMI,2025-05-23 20:22:00,3700,expense,"thread mill",false,false,false,,
69,Cash,Online Delivery,2025-05-24 19:44:00,140,expense,"",false,false,false,,
70,Cash,Online Delivery,2025-05-24 22:22:00,870,expense,"",false,false,false,,
71,Cash,Online Delivery,2025-05-26 22:21:00,3200,expense,"chilla camp last day food",false,false,false,,
72,Cash,Online Delivery,2025-05-26 22:23:00,40,expense,"juice",false,false,false,,
73,Cash,Online Delivery,2025-05-29 22:20:00,580,expense,"",false,false,false,,
74,Cash,Salary,2025-06-01 15:34:00,100000,income,"",false,false,false,,
75,Cash,Credit Card EMI,2025-06-01 18:26:00,8897,expense,"icici insurance emi",false,false,false,,
76,Cash,Home,2025-06-01 18:33:00,5000,expense,"achan pension",false,false,false,,
77,Cash,Social,2025-06-01 18:37:00,1000,expense,"swaroop",false,false,false,,
78,Cash,Social,2025-06-01 18:37:00,10000,expense,"sagar 20k remaining",false,false,false,,
79,Cash,Social,2025-06-01 18:39:00,5000,expense,"vrinda 15 k more",false,false,false,,
80,Cash,Social,2025-06-01 18:40:00,5000,expense,"arun 15k more",false,false,false,,
81,Cash,Online Delivery,2025-06-01 19:27:00,660,expense,"chines box dinner",false,false,false,,
82,Cash,Home,2025-06-01 20:50:00,5000,expense,"amma pensions",false,false,false,,
83,Cash,Social,2025-06-01 20:53:00,1000,expense,"niranjan 1000",false,false,false,,
84,Cash,Mutual Funds,2025-06-02 13:23:00,12200,savings,"Mutual fund SIP",false,false,false,,
85,Cash,Social,2025-06-02 13:24:00,3052,expense,"axio emi hdfc ergo",false,false,false,,
86,Cash,Online Delivery,2025-06-03 18:16:00,386,expense,"chiken",false,false,false,,
87,Cash,Public Transit,2025-06-04 23:09:00,480,expense,"kuri train ticket",false,false,false,,
88,Cash,Online Delivery,2025-06-04 23:09:00,140,expense,"",false,false,false,,
89,Cash,Public Transit,2025-06-04 23:09:00,110,expense,"imperial kitchen uber auto",false,false,false,,
90,Cash,Groceries,2025-06-06 22:43:00,240,expense,"groceries",false,false,false,,
91,Cash,Online Delivery,2025-06-06 22:43:00,410,expense,"chickens",false,false,false,,
92,Cash,Groceries,2025-06-06 22:44:00,115,expense,"groceries",false,false,false,,
93,Cash,Online Delivery,2025-06-07 22:07:00,690,expense,"chines box",false,false,false,,
94,Cash,Credit Card EMI,2025-06-07 22:07:00,355,expense,"medicine",false,false,false,,
95,Cash,Online Delivery,2025-06-07 22:08:00,170,expense,"snacks",false,false,false,,
96,Cash,Groceries,2025-06-07 22:08:00,161,expense,"groceries",false,false,false,,
97,Cash,Online Delivery,2025-06-09 22:45:00,80,expense,"",false,false,false,,
98,Cash,Social,2025-06-10 08:09:00,20216,expense,"",false,false,false,,
99,Cash,Credit Card EMI,2025-06-12 22:43:00,480,expense,"kerala vision internet",false,false,false,,
100,Cash,Health,2025-06-12 22:43:00,5000,expense,"check up",false,false,false,,
101,Cash,Public Transit,2025-06-12 22:43:00,90,expense,"uber",false,false,false,,
102,Cash,Credit Card EMI,2025-06-12 22:43:00,710,expense,"karuthal website money",false,false,false,,
103,Cash,Online Delivery,2025-06-12 22:44:00,250,expense,"fruits",false,false,false,,
104,Cash,Online Delivery,2025-06-12 22:45:00,325,expense,"berger",false,false,false,,
105,Cash,Groceries,2025-06-13 21:35:00,236,expense,"groceries",false,false,false,,
106,Cash,Online Delivery,2025-06-15 08:33:00,470,expense,"Lunch",false,false,false,,
107,Cash,Groceries,2025-06-16 08:33:00,110,expense,"varkala essentials",false,false,false,,
108,Cash,Online Delivery,2025-06-17 21:32:00,711,expense,"",false,false,false,,
109,Cash,Other Income,2025-06-17 21:33:00,5000,income,"insurance",false,false,false,,
110,Cash,Online Delivery,2025-06-20 11:08:00,25,expense,"lime juice",false,false,false,,
111,Cash,Health,2025-06-20 11:08:00,160,expense,"consultation SRK",false,false,false,,
112,Cash,Health,2025-06-20 11:09:00,527,expense,"medicne udilive for liver",false,false,false,,
113,Cash,Online Delivery,2025-06-20 13:49:00,185,expense,"altaza",false,false,false,,
114,Cash,Online Delivery,2025-06-21 13:50:00,110,expense,"kariak shake",false,false,false,,
115,Cash,Groceries,2025-06-22 13:48:00,151,expense,"groceries",false,false,false,,
116,Cash,Online Delivery,2025-06-22 15:18:00,151,expense,"karikk",false,false,false,,
117,Cash,Online Delivery,2025-06-23 11:54:00,30,expense,"",false,false,false,,
118,Cash,Public Transit,2025-06-23 11:54:00,90,expense,"",false,false,false,,
119,Cash,Online Delivery,2025-06-23 11:55:00,170,expense,"",false,false,false,,
120,Cash,Public Transit,2025-06-24 11:56:00,165,expense,"",false,false,false,,
121,Cash,Online Delivery,2025-06-24 11:56:00,289,expense,"",false,false,false,,
122,Cash,Online Delivery,2025-06-24 11:57:00,342,expense,"",false,false,false,,
123,Cash,Online Delivery,2025-06-25 11:57:00,426,expense,"",false,false,false,,
124,Cash,Online Delivery,2025-06-25 11:57:00,416,expense,"",false,false,false,,
125,Cash,Online Delivery,2025-06-26 11:58:00,491,expense,"",false,false,false,,
126,Cash,Public Transit,2025-06-26 11:58:00,135,expense,"",false,false,false,,
127,Cash,Online Delivery,2025-06-26 11:59:00,365,expense,"",false,false,false,,
128,Cash,Public Transit,2025-06-27 11:59:00,123,expense,"",false,false,false,,
129,Cash,Online Delivery,2025-06-27 11:59:00,295,expense,"",false,false,false,,
130,Cash,Online Delivery,2025-06-27 12:00:00,211,expense,"",false,false,false,,
131,Cash,Public Transit,2025-06-27 12:00:00,290,expense,"",false,false,false,,
132,Cash,Credit Card EMI,2025-06-28 12:00:00,3599,expense,"jio recharge",false,false,false,,
133,Cash,Public Transit,2025-06-28 12:01:00,262,expense,"",false,false,false,,
134,Cash,Public Transit,2025-06-28 12:01:00,77,expense,"",false,false,false,,
135,Cash,Public Transit,2025-06-29 12:02:00,300,expense,"",false,false,false,,
136,Cash,Public Transit,2025-06-29 12:02:00,201,expense,"",false,false,false,,
137,Cash,Credit Card EMI,2025-07-01 12:03:00,2263,expense,"emi axis card microwave",false,false,false,,
138,Cash,Credit Card EMI,2025-07-01 12:03:00,3052,expense,"axio EMI",false,false,false,,
139,Cash,Social,2025-07-01 12:04:00,10000,expense,"Arun and Sagar",false,false,false,,
140,Cash,Mutual Funds,2025-07-01 12:05:00,12200,savings,"investments",false,false,false,,
141,Cash,Online Delivery,2025-07-01 12:05:00,196,expense,"",false,false,false,,
142,Cash,Public Transit,2025-07-01 12:06:00,231,expense,"",false,false,false,,
143,Cash,Online Delivery,2025-07-01 12:06:00,277,expense,"",false,false,false,,
144,Cash,Health,2025-07-01 12:06:00,10,expense,"",false,false,false,,
145,Cash,Public Transit,2025-07-01 12:07:00,200,expense,"",false,false,false,,
146,Cash,Online Delivery,2025-07-01 12:07:00,681,expense,"",false,false,false,,
147,Cash,Social,2025-07-01 12:17:00,500,expense,"vrinda",false,false,false,,
148,Cash,Home,2025-07-01 12:18:00,10000,expense,"achan amma",false,false,false,,
149,Cash,Social,2025-07-01 12:18:00,1000,expense,"swaroop",false,false,false,,
150,Cash,Social,2025-07-01 22:45:00,6000,expense,"loan replayment to swaroop and sagar",false,false,false,,
151,Cash,Salary,2025-07-01 22:46:00,126000,income,"",false,false,false,,
152,Cash,Public Transit,2025-07-02 12:08:00,235,expense,"",false,false,false,,
153,Cash,Online Delivery,2025-07-02 12:08:00,412,expense,"",false,false,false,,
154,Cash,Public Transit,2025-07-02 12:09:00,250,expense,"",false,false,false,,
155,Cash,Credit Card EMI,2025-07-02 12:22:00,7200,expense,"flight tickets",false,false,false,,
156,Cash,Public Transit,2025-07-03 12:09:00,356,expense,"",false,false,false,,
157,Cash,Online Delivery,2025-07-03 12:09:00,465,expense,"",false,false,false,,
158,Cash,Public Transit,2025-07-03 12:10:00,251,expense,"",false,false,false,,
159,Cash,Online Delivery,2025-07-03 12:10:00,321,expense,"",false,false,false,,
160,Cash,Credit Card EMI,2025-07-03 12:21:00,8897,expense,"emi",false,false,false,,
161,Cash,Public Transit,2025-07-04 12:10:00,320,expense,"",false,false,false,,
162,Cash,Online Delivery,2025-07-04 12:11:00,500,expense,"",false,false,false,,
163,Cash,Online Delivery,2025-07-04 12:11:00,335,expense,"",false,false,false,,
164,Cash,Entertainment,2025-07-04 12:11:00,2000,expense,"Ameen rishma",false,false,false,,
165,Cash,Social,2025-07-04 12:17:00,500,expense,"aswathy",false,false,false,,
166,Cash,Online Delivery,2025-07-05 12:12:00,461,expense,"",false,false,false,,
167,Cash,Online Delivery,2025-07-05 12:12:00,713,expense,"",false,false,false,,
168,Cash,Online Delivery,2025-07-06 12:12:00,479,expense,"",false,false,false,,
169,Cash,Online Delivery,2025-07-06 12:12:00,475,expense,"",false,false,false,,
170,Cash,Public Transit,2025-07-06 12:13:00,109,expense,"",false,false,false,,
171,Cash,Social,2025-07-06 12:17:00,200,expense,"koottu",false,false,false,,
172,Cash,Public Transit,2025-07-07 09:31:00,60,expense,"auto to RC",false,false,false,,
173,Cash,Public Transit,2025-07-07 09:31:00,30,expense,"bus",false,false,false,,
174,Cash,Online Delivery,2025-07-07 12:13:00,75,expense,"",false,false,false,,
175,Cash,Online Delivery,2025-07-07 12:14:00,360,expense,"",false,false,false,,
176,Cash,Online Delivery,2025-07-08 12:14:00,300,expense,"load restaurant",false,false,false,,
177,Cash,Online Delivery,2025-07-08 22:18:00,863,expense,"",false,false,false,,
178,Cash,Online Delivery,2025-07-10 12:15:00,105,expense,"",false,false,false,,
179,Cash,Social,2025-07-10 12:19:00,20216,expense,"education loan",false,false,false,,
180,Cash,Online Delivery,2025-07-11 12:15:00,165,expense,"",false,false,false,,
181,Cash,Entertainment,2025-07-12 12:16:00,300,expense,"swimming",false,false,false,,
182,Cash,Entertainment,2025-07-12 12:16:00,626,expense,"swimming costume",false,false,false,,
183,Cash,Online Delivery,2025-07-13 12:16:00,142,expense,"karthika store",false,false,false,,
184,Cash,Credit Card EMI,2025-07-14 09:44:00,709.84,expense,"karuthal website",false,false,false,,
185,Cash,Credit Card EMI,2025-07-14 09:44:00,470.82,expense,"Internet home",false,false,false,,
186,Cash,Public Transit,2025-07-15 19:11:00,43,expense,"bus charge",false,false,false,,
187,Cash,Online Delivery,2025-07-15 19:11:00,75,expense,"banana",false,false,false,,
188,Cash,Groceries,2025-07-17 22:01:00,1482,expense,"groceries",false,false,false,,
189,Cash,Online Delivery,2025-07-17 22:01:00,70,expense,"rggs",false,false,false,,
190,Cash,Online Delivery,2025-07-17 22:01:00,120,expense,"cheers",false,false,false,,
191,Cash,Other Income,2025-07-19 13:30:00,11588,income,"11588 gps blr office visit reimbursement",false,false,false,,
192,Cash,Health,2025-07-20 20:29:00,1199,expense,"lensekart",false,false,false,,
193,Cash,Credit Card EMI,2025-07-20 20:30:00,510,expense,"petrol",false,false,false,,
194,Cash,Online Delivery,2025-07-20 20:31:00,110,expense,"fruits",false,false,false,,
195,Cash,Online Delivery,2025-07-20 20:31:00,1895,expense,"turf cafe",false,false,false,,
196,Cash,Health,2025-07-21 20:31:00,520,expense,"medicine",false,false,false,,
197,Cash,Online Delivery,2025-07-23 20:32:00,168,expense,"food",false,false,false,,
198,Cash,Health,2025-07-25 20:32:00,1199,expense,"lensekart",false,false,false,,
199,Cash,Online Delivery,2025-07-26 20:33:00,100,expense,"karikk",false,false,false,,
200,Cash,Health,2025-07-26 20:35:00,22,expense,"ors",false,false,false,,
201,Cash,Groceries,2025-07-26 20:35:00,2160,expense,"groceries",false,false,false,,
202,Cash,Online Delivery,2025-07-27 20:35:00,320,expense,"chiken",false,false,false,,
203,Cash,Other Income,2025-07-27 20:44:00,765,income,"ragi",false,false,false,,
204,Cash,Public Transit,2025-07-27 20:45:00,520,expense,"car petrol",false,false,false,,
205,Cash,Online Delivery,2025-07-27 20:45:00,65,expense,"",false,false,false,,
206,Cash,Online Delivery,2025-07-28 20:45:00,100,expense,"food",false,false,false,,
207,Cash,Online Delivery,2025-07-28 20:46:00,219,expense,"",false,false,false,,
208,Cash,Groceries,2025-07-31 20:46:00,195,expense,"groceries",false,false,false,,
209,Cash,Home,2025-08-01 20:58:00,10000,expense,"achan amma",false,false,false,,
210,Cash,Salary,2025-08-01 20:59:00,126000,income,"salary",false,false,false,,
211,Cash,Social,2025-08-01 21:07:00,15000,expense,"loan return sagar arun and vrinda",false,false,false,,
212,Cash,Online Delivery,2025-08-02 09:49:00,320,expense,"chiken",false,false,false,,
213,Cash,Online Delivery,2025-08-02 09:49:00,60,expense,"tender coconut",false,false,false,,
214,Cash,Public Transit,2025-08-02 09:49:00,520,expense,"petrol",false,false,false,,
215,Cash,Social,2025-08-02 14:29:00,3051,expense,"axio loan",false,false,false,,
216,Cash,Mutual Funds,2025-08-04 12:31:00,12000,savings,"SIP",false,false,false,,
217,Cash,Online Delivery,2025-08-04 18:28:00,65,expense,"ðŸ¥š",false,false,false,,
218,Cash,Public Transit,2025-08-04 18:28:00,40,expense,"",false,false,false,,
219,Cash,Groceries,2025-08-05 21:46:00,160,expense,"",false,false,false,,
220,Cash,Health,2025-08-08 21:44:00,125,expense,"medicine",false,false,false,,
221,Cash,Online Delivery,2025-08-08 21:45:00,320,expense,"chiken",false,false,false,,
222,Cash,Social,2025-08-10 09:08:00,20216,expense,"",false,false,false,,
223,Cash,Online Delivery,2025-08-10 21:44:00,673,expense,"",false,false,false,,
224,Cash,Groceries,2025-08-11 21:42:00,80,expense,"groceries",false,false,false,,
225,Cash,Public Transit,2025-08-11 21:43:00,38,expense,"bus",false,false,false,,
226,Cash,Credit Card EMI,2025-08-12 21:42:00,470,expense,"broadband bill",false,false,false,,
227,Cash,Groceries,2025-08-13 21:42:00,1275,expense,"groceries",false,false,false,,
228,Cash,Groceries,2025-08-14 18:46:00,643,expense,"fruits vegiees groceries",false,false,false,,
229,Cash,Public Transit,2025-08-14 21:41:00,1424,expense,"family tvm ticket",false,false,false,,
230,Cash,Public Transit,2025-08-16 21:39:00,70,expense,"uber auto",false,false,false,,
231,Cash,Online Delivery,2025-08-16 21:39:00,105,expense,"food",false,false,false,,
232,Cash,Online Delivery,2025-08-16 21:40:00,350,expense,"prana chiken stall",false,false,false,,
233,Cash,Online Delivery,2025-08-17 21:38:00,260,expense,"fruits",false,false,false,,
234,Cash,Health,2025-08-17 21:38:00,272,expense,"medicine",false,false,false,,
235,Cash,Health,2025-08-17 21:38:00,300,expense,"xray SRK hospital",false,false,false,,
236,Cash,Credit Card EMI,2025-08-19 21:37:00,1220,expense,"IDP fees",false,false,false,,
237,Cash,Online Delivery,2025-08-20 21:36:00,150,expense,"food",false,false,false,,
238,Cash,Online Delivery,2025-08-20 21:36:00,51,expense,"food",false,false,false,,
239,Cash,Groceries,2025-08-21 21:34:00,1535,expense,"Thachapalli Toiletries and grooming",false,false,false,,
240,Cash,Health,2025-08-21 21:35:00,122,expense,"antibiotics palm abscess",false,false,false,,
241,Cash,Online Delivery,2025-08-22 21:33:00,2099,expense,"vegetables",false,false,false,,
242,Cash,Online Delivery,2025-08-22 21:33:00,95,expense,"bakery",false,false,false,,
243,Cash,Online Delivery,2025-08-23 21:32:00,100,expense,"rambootan",false,false,false,,
244,Cash,Groceries,2025-08-24 22:04:00,3151,expense,"utensils and kitchen",false,false,false,,
245,Cash,Online Delivery,2025-08-25 21:32:00,392,expense,"chiken",false,false,false,,
246,Cash,Online Delivery,2025-08-27 18:57:00,215,expense,"altaza",false,false,false,,
247,Cash,Groceries,2025-08-27 18:58:00,2958,expense,"food waste bin , pillow hygiene",false,false,false,,
248,Cash,Online Delivery,2025-08-27 18:58:00,160,expense,"vegetables",false,false,false,,
249,Cash,Online Delivery,2025-08-27 18:59:00,98,expense,"ðŸ¥š",false,false,false,,
250,Cash,Public Transit,2025-08-29 05:22:00,1000,expense,"petrol",false,false,false,,
251,Cash,Online Delivery,2025-08-30 11:59:00,281,expense,"chiken",false,false,false,,
252,Cash,Home,2025-09-01 10:22:00,5000,expense,"achan",false,false,false,,
253,Cash,Home,2025-09-01 10:22:00,5000,expense,"Amma",false,false,false,,
254,Cash,Credit Card EMI,2025-09-01 11:51:00,28068,expense,"credit card",false,false,false,,
255,Cash,Mutual Funds,2025-09-01 21:59:00,12200,savings,"SIPs",false,false,false,,
256,Cash,Credit Card EMI,2025-09-01 21:59:00,3051,expense,"axio health insurance",false,false,false,,
257,Cash,Online Delivery,2025-09-01 21:59:00,933,expense,"maveli strore karakulam",false,false,false,,
258,Cash,Clothing,2025-09-01 22:00:00,500,expense,"tshirt",false,false,false,,
259,Cash,Online Delivery,2025-09-01 22:01:00,924,expense,"karshakasree",false,false,false,,
260,Cash,Online Delivery,2025-09-01 22:01:00,921,expense,"sP margin free",false,false,false,,
261,Cash,Online Delivery,2025-09-01 22:01:00,65,expense,"eggs",false,false,false,,
262,Cash,Health,2025-09-02 17:09:00,460,expense,"kailas medicine",false,false,false,,
263,Cash,Online Delivery,2025-09-02 17:10:00,215,expense,"altaza",false,false,false,,
264,Cash,Online Delivery,2025-09-02 17:47:00,160,expense,"ðŸ… and Savala",false,false,false,,
265,Cash,Online Delivery,2025-09-02 17:48:00,292,expense,"chiken",false,false,false,,
266,Cash,Public Transit,2025-09-02 17:48:00,1074,expense,"petrol â›½ï¸",false,false,false,,
267,Cash,Online Delivery,2025-09-02 17:48:00,260,expense,"fruits",false,false,false,,
268,Cash,Home,2025-09-03 10:04:00,6000,expense,"Onam Tour money",false,false,false,,
269,Cash,Home,2025-09-03 14:30:00,548,expense,"achan mobile recharge",false,false,false,,
270,Cash,Online Delivery,2025-09-03 20:51:00,435,expense,"fruits and last round Onam purchase",false,false,false,,
271,Cash,Home,2025-09-04 10:38:00,1500,expense,"deisel",false,false,false,,
272,Cash,Home,2025-09-04 21:27:00,460,expense,"entrance fee",false,false,false,,
273,Cash,Home,2025-09-04 21:28:00,800,expense,"boating kottur",false,false,false,,
274,Cash,Online Delivery,2025-09-04 21:28:00,100,expense,"fish kili meen",false,false,false,,
275,Cash,Home,2025-09-04 21:29:00,4500,expense,"rahul vehicle charges",false,false,false,,
276,Cash,Public Transit,2025-09-05 23:41:00,463,expense,"achan amma ticket",false,false,false,,
277,Cash,Online Delivery,2025-09-05 23:41:00,618,expense,"dinner long tim",false,false,false,,
278,Cash,Public Transit,2025-09-06 06:26:00,537.4,expense,"petrol",false,false,false,,
279,Cash,Online Delivery,2025-09-06 06:59:00,93,expense,"eggs",false,false,false,,
280,Cash,Health,2025-09-06 08:40:00,10,expense,"lokha admission fee",false,false,false,,
281,Cash,Home,2025-09-06 11:20:00,1614,expense,"Train ticket",false,false,false,,
282,Cash,Home,2025-09-06 11:21:00,1914,expense,"tatkal",false,false,false,,
283,Cash,Online Delivery,2025-09-07 08:39:00,240,expense,"fruitsg",false,false,false,,
284,Cash,Public Transit,2025-09-07 08:39:00,340,expense,"petrol",false,false,false,,
285,Cash,Online Delivery,2025-09-10 08:36:00,363,expense,"chiken",false,false,false,,
286,Cash,Credit Card EMI,2025-09-10 08:36:00,20216,expense,"education loan emi",false,false,false,,
287,Cash,Public Transit,2025-09-10 08:39:00,539,expense,"train ticket to tvc",false,false,false,,
288,Cash,Credit Card EMI,2025-09-10 09:38:00,21654,expense,"credit card axis",false,false,false,,
289,Cash,Groceries,2025-09-10 16:50:00,3598,expense,"snitch dress me and kailas",false,false,false,,
290,Cash,Online Delivery,2025-09-11 11:48:00,637,expense,"boating tao",false,false,false,,
291,Cash,Online Delivery,2025-09-11 19:42:00,37,expense,"tea",false,false,false,,
292,Cash,Online Delivery,2025-09-12 11:47:00,59,expense,"mcd",false,false,false,,
293,Cash,Public Transit,2025-09-12 11:47:00,80,expense,"metro kochi",false,false,false,,
294,Cash,Public Transit,2025-09-12 11:47:00,450,expense,"kochuveli railway",false,false,false,,
295,Cash,Credit Card EMI,2025-09-12 11:48:00,471,expense,"kerala vision broadband",false,false,false,,
296,Cash,Groceries,2025-09-13 11:46:00,1254,expense,"power bank",false,false,false,,
297,Cash,Groceries,2025-09-15 16:14:00,479,expense,"packing compartment anazon",false,false,false,,
298,Cash,Online Delivery,2025-09-15 16:15:00,251,expense,"food",false,false,false,,
299,Cash,Public Transit,2025-09-15 18:45:00,1000,expense,"auto ettan",false,false,false,,
300,Cash,Groceries,2025-09-15 20:18:00,304,expense,"filter",false,false,false,,
301,Cash,Public Transit,2025-09-16 18:44:00,20,expense,"ksrtc",false,false,false,,
302,Cash,Public Transit,2025-09-17 16:28:00,76,expense,"uber",false,false,false,,
303,Cash,Online Delivery,2025-09-17 18:44:00,375,expense,"altaza",false,false,false,,
304,Cash,Social,2025-09-17 20:26:00,299,expense,"rahul recharge",false,false,false,,
305,Cash,Public Transit,2025-09-18 16:26:00,100,expense,"uber",false,false,false,,
306,Cash,Credit Card EMI,2025-09-18 16:27:00,299,expense,"rahul jio",false,false,false,,
307,Cash,Social,2025-09-19 16:23:00,50,expense,"transgender",false,false,false,,
308,Cash,Online Delivery,2025-09-19 16:24:00,100,expense,"food",false,false,false,,
309,Cash,Public Transit,2025-09-19 16:25:00,144,expense,"uber",false,false,false,,
310,Cash,Online Delivery,2025-09-19 16:25:00,80,expense,"hotel",false,false,false,,
311,Cash,Online Delivery,2025-09-20 16:21:00,168,expense,"food",false,false,false,,
312,Cash,Public Transit,2025-09-20 16:22:00,23,expense,"b7s",false,false,false,,
313,Cash,Online Delivery,2025-09-21 16:19:00,633,expense,"",false,false,false,,
314,Cash,Cab/Ride Share,2025-09-21 16:28:00,8809,expense,"currency exchange",false,false,false,,
315,Cash,Public Transit,2025-09-22 16:17:00,91,expense,"uber to central station",false,false,false,,
316,Cash,Public Transit,2025-09-22 16:17:00,90,expense,"statue to office",false,false,false,,
317,Cash,Online Delivery,2025-09-22 16:17:00,70,expense,"snack",false,false,false,,
318,Cash,Public Transit,2025-09-22 16:18:00,70,expense,"uber to statue",false,false,false,,
319,Cash,Cab/Ride Share,2025-09-22 16:19:00,29947,expense,"currency convert to USD",false,false,false,,
320,Cash,Salary,2025-10-01 10:04:00,140000,income,"",false,false,false,,
321,Cash,Entertainment,2025-10-01 11:26:00,50000,expense,"Trip to Vietnam",false,false,false,,
322,Cash,Home,2025-10-01 15:07:00,10000,expense,"Family",false,false,false,,
323,Cash,Online Delivery,2025-10-12 17:11:00,675,expense,"",false,false,false,,
324,Cash,Online Delivery,2025-10-13 13:46:00,270,expense,"noodles china kitchen",false,false,false,,
325,Cash,Health,2025-10-13 13:46:00,28,expense,"vera medicine",false,false,false,,
326,Cash,Online Delivery,2025-10-14 17:39:00,314,expense,"burger",false,false,false,,
327,Cash,Online Delivery,2025-10-14 18:15:00,253,expense,"",false,false,false,,
328,Cash,Online Delivery,2025-10-14 18:29:00,285,expense,"chicken",false,false,false,,
329,Cash,Home,2025-10-15 15:18:00,2500,expense,"Kiyan hospital",false,false,false,,
330,Cash,Online Delivery,2025-10-19 11:29:00,434,expense,"food machan wedding",false,false,false,,
331,Cash,Online Delivery,2025-10-19 11:29:00,1679,expense,"mcd kaikas",false,false,false,,
332,Cash,Cab/Ride Share,2025-10-19 11:29:00,3088,expense,"Fuel for jaisha car",false,false,false,,
333,Cash,Online Delivery,2025-10-20 11:30:00,37,expense,"softi",false,false,false,,
334,Cash,Online Delivery,2025-10-21 11:28:00,969,expense,"food tvm to kochi machan wedding",false,false,false,,
335,Cash,Online Delivery,2025-10-21 12:01:00,30,expense,"snack",false,false,false,,
336,Cash,Online Delivery,2025-10-22 22:01:00,275,expense,"chiken",false,false,false,,
337,Cash,Online Delivery,2025-10-22 22:02:00,100,expense,"savala",false,false,false,,
338,Cash,Online Delivery,2025-10-22 22:02:00,360,expense,"dragon fruit",false,false,false,,
339,Cash,Online Delivery,2025-10-22 22:02:00,60,expense,"custard apple",false,false,false,,
340,Cash,Online Delivery,2025-10-22 22:03:00,655,expense,"vegetable",false,false,false,,
341,Cash,Public Transit,2025-10-22 22:03:00,640,expense,"petrol",false,false,false,,
342,Cash,Public Transit,2025-10-23 10:03:00,2345,expense,"train to kannur",false,false,false,,
343,Cash,Salary,2025-11-01 14:33:00,140000,income,"",false,false,false,,
344,Cash,Cab/Ride Share,2025-11-01 14:33:00,150,expense,"uber to mammu",false,false,false,,
345,Cash,Online Delivery,2025-11-01 14:33:00,600,expense,"Thalappakatti",false,false,false,,
346,Cash,Home,2025-11-01 14:34:00,7000,expense,"Achan 5k + 2k tour alappy",false,false,false,,
347,Cash,Home,2025-11-01 14:34:00,7000,expense,"Amma 5k + tour alappy",false,false,false,,
348,Cash,Online Delivery,2025-11-01 23:41:00,460,expense,"night food",false,false,false,,
349,Cash,Public Transit,2025-11-02 08:30:00,88,expense,"train to tcr",false,false,false,,
350,Cash,Public Transit,2025-11-02 10:01:00,28,expense,"bus to à´®à´°àµ‹à´Ÿàµà´Ÿà´¿à´šàµà´šà´¾à´²àµâ€",false,false,false,,
351,Cash,Online Delivery,2025-11-03 17:29:00,131,expense,"food",false,false,false,,
352,Cash,Public Transit,2025-11-03 17:29:00,27,expense,"to tcr",false,false,false,,
353,Cash,Online Delivery,2025-11-04 18:12:00,105,expense,"snack",false,false,false,,
354,Cash,Online Delivery,2025-11-05 11:40:00,388,expense,"chiken",false,false,false,,
355,Cash,Groceries,2025-11-05 11:50:00,185,expense,"groceries",false,false,false,,
356,Cash,Online Delivery,2025-11-06 17:44:00,50,expense,"tea snack",false,false,false,,
357,Cash,Online Delivery,2025-11-07 13:22:00,110,expense,"kombucha",false,false,false,,
358,Cash,Online Delivery,2025-11-07 19:16:00,280,expense,"chiken",false,false,false,,
359,Cash,Public Transit,2025-11-07 19:16:00,20,expense,"bus",false,false,false,,
360,Cash,Groceries,2025-11-08 08:40:00,83,expense,"groceries",false,false,false,,
361,Cash,Online Delivery,2025-11-09 23:01:00,98,expense,"chiken",false,false,false,,
362,Cash,Online Delivery,2025-11-10 18:47:00,22,expense,"snacks",false,false,false,,
363,Cash,Groceries,2025-11-10 20:16:00,378,expense,"groceries",false,false,false,,
364,Cash,Online Delivery,2025-11-10 20:16:00,20,expense,"lays",false,false,false,,
365,Cash,Online Delivery,2025-11-11 16:31:00,50,expense,"snack",false,false,false,,
366,Cash,Public Transit,2025-11-11 16:31:00,192,expense,"to varkala",false,false,false,,
367,Cash,Credit Card EMI,2025-11-11 16:31:00,813,expense,"credicard",false,false,false,,
368,Cash,Public Transit,2025-11-11 20:18:00,30,expense,"Train",false,false,false,,
369,Cash,Online Delivery,2025-11-11 21:12:00,205,expense,"aryanivas ghee roast",false,false,false,,
370,Cash,Public Transit,2025-11-11 21:27:00,20,expense,"bus to Karakulam",false,false,false,,
371,Cash,Groceries,2025-11-12 19:53:00,432,expense,"groceries",false,false,false,,
372,Cash,Online Delivery,2025-11-12 19:54:00,440,expense,"biriyani",false,false,false,,
373,Cash,Online Delivery,2025-11-12 19:54:00,220,expense,"kombucha",false,false,false,,
374,Cash,Online Delivery,2025-11-13 13:24:00,340,expense,"biriyani",false,false,false,,
375,Cash,Online Delivery,2025-11-13 18:24:00,132,expense,"snacks",false,false,false,,
376,Cash,Public Transit,2025-11-13 21:43:00,200,expense,"ev charging",false,false,false,,
377,Cash,Public Transit,2025-11-14 09:54:00,60,expense,"uber to ramesh",false,false,false,,
378,Cash,Online Delivery,2025-11-14 11:33:00,279,expense,"drinks",false,false,false,,
379,Cash,Public Transit,2025-11-14 11:56:00,60,expense,"uber",false,false,false,,
380,Cash,Groceries,2025-11-14 16:54:00,155,expense,"groceries",false,false,false,,
381,Cash,Groceries,2025-11-14 17:07:00,200,expense,"groceries",false,false,false,,
382,Cash,Online Delivery,2025-11-15 05:41:00,74,expense,"snack",false,false,false,,
383,Cash,Public Transit,2025-11-15 05:42:00,350,expense,"to train tvm",false,false,false,,
384,Cash,Public Transit,2025-11-15 10:30:00,162,expense,"train to tcr",false,false,false,,
385,Cash,Public Transit,2025-11-15 10:30:00,28,expense,"bus to tcr",false,false,false,,
386,Cash,Public Transit,2025-11-15 10:31:00,50,expense,"lulu mall",false,false,false,,
387,Cash,Online Delivery,2025-11-15 12:49:00,530,expense,"lunch",false,false,false,,
388,Cash,Online Delivery,2025-11-15 12:49:00,42,expense,"sofitie",false,false,false,,
389,Cash,Online Delivery,2025-11-16 06:17:00,14,expense,"",false,false,false,,
390,Cash,Credit Card EMI,2025-11-16 10:29:00,305,expense,"amazon water filter",false,false,false,,
391,Cash,Public Transit,2025-11-16 20:37:00,590,expense,"à´¡àµ€à´¸à´²àµâ€ ettan vandi",false,false,false,,
392,Cash,Public Transit,2025-11-17 06:17:00,20,expense,"bus to à´•à´°à´•àµà´³à´‚",false,false,false,,
393,Cash,Public Transit,2025-11-17 08:50:00,20,expense,"bus to kowdiar",false,false,false,,
394,Cash,Online Delivery,2025-11-17 18:51:00,22,expense,"snack",false,false,false,,
395,Cash,Groceries,2025-11-17 19:35:00,515,expense,"groceries",false,false,false,,
396,Cash,Public Transit,2025-11-17 20:48:00,77,expense,"uber to tvc",false,false,false,,
397,Cash,Online Delivery,2025-11-17 20:49:00,185,expense,"altaza",false,false,false,,
398,Cash,Public Transit,2025-11-17 20:49:00,10,expense,"platform fee",false,false,false,,
399,Cash,Online Delivery,2025-11-17 20:49:00,240,expense,"à´šàµˆà´¨àµ€à´¸àµ box",false,false,false,,
400,Cash,Public Transit,2025-11-17 21:00:00,60,expense,"auto to chilla",false,false,false,,
401,Cash,Public Transit,2025-11-17 21:39:00,58,expense,"bus to karakulam",false,false,false,,
402,Cash,Online Delivery,2025-11-18 09:00:00,348,expense,"à´šà´¿à´•àµà´•à´¨àµâ€",false,false,false,,
403,Cash,Groceries,2025-11-18 09:09:00,486,expense,"groceries",false,false,false,,
404,Cash,Mutual Funds,2025-11-18 09:31:00,7000,savings,"",false,false,false,,
405,Cash,Online Delivery,2025-11-19 14:06:00,380,expense,"fruits and snacks",false,false,false,,
406,Cash,Online Delivery,2025-11-19 18:41:00,324,expense,"burger kitchen",false,false,false,,
407,Cash,Groceries,2025-11-19 19:42:00,70,expense,"groceries",false,false,false,,
408,Cash,Groceries,2025-11-20 19:48:00,312,expense,"groceries",false,false,false,,
409,Cash,Online Delivery,2025-11-20 19:48:00,685,expense,"biriyani",false,false,false,,
410,Cash,Public Transit,2025-11-20 20:45:00,100,expense,"uber",false,false,false,,
411,Cash,Online Delivery,2025-11-20 20:46:00,110,expense,"kombucha",false,false,false,,
412,Cash,Public Transit,2025-11-21 09:19:00,60,expense,"parking car",false,false,false,,
413,Cash,Online Delivery,2025-11-21 18:49:00,230,expense,"à´šà´¿à´•àµà´•à´¨àµâ€ à´¬à´¿à´°à´¿à´¯à´¾à´£à´¿",false,false,false,,
414,Cash,Online Delivery,2025-11-21 18:51:00,47,expense,"snacks",false,false,false,,
415,Cash,Groceries,2025-11-22 21:48:00,2566,expense,"food lulu groceries",false,false,false,,
416,Cash,Online Delivery,2025-11-23 15:51:00,590,expense,"food",false,false,false,,
417,Cash,Online Delivery,2025-11-23 21:47:00,756,expense,"food dinner paragon with kailu",false,false,false,,
418,Cash,Groceries,2025-11-23 22:20:00,243,expense,"groceries",false,false,false,,
419,Cash,Online Delivery,2025-11-24 16:59:00,324,expense,"berger",false,false,false,,
420,Cash,Groceries,2025-11-24 17:31:00,1302,expense,"groceries",false,false,false,,
421,Cash,Groceries,2025-11-25 23:28:00,110,expense,"groceries",false,false,false,,
422,Cash,Online Delivery,2025-11-25 23:28:00,55,expense,"bread",false,false,false,,
423,Cash,Online Delivery,2025-11-25 23:28:00,620,expense,"fruits",false,false,false,,
424,Cash,Public Transit,2025-11-25 23:29:00,650,expense,"fuel",false,false,false,,
425,Cash,Online Delivery,2025-11-25 23:29:00,255,expense,"thattukada",false,false,false,,
426,Cash,Credit Card EMI,2025-11-25 23:30:00,2980,expense,"log tech hdmi to c cable",false,false,false,,
427,Cash,Public Transit,2025-11-26 10:48:00,28,expense,"bus to and from logtech",false,false,false,,
428,Cash,Entertainment,2025-11-26 14:23:00,1180,expense,"IFFK",false,false,false,,
429,Cash,Credit Card EMI,2025-11-26 14:23:00,50,expense,"PAN Card",false,false,false,,
430,Cash,Credit Card EMI,2025-11-26 14:23:00,50,expense,"Aadhar card",false,false,false,,
431,Cash,Public Transit,2025-11-26 14:24:00,103,expense,"Train ticket",false,false,false,,
432,Cash,Online Delivery,2025-11-26 16:18:00,45,expense,"snack",false,false,false,,
433,Cash,Cab/Ride Share,2025-11-26 17:03:00,87,expense,"uber",false,false,false,,
434,Cash,Groceries,2025-11-26 22:01:00,192,expense,"groceries",false,false,false,,
435,Cash,Entertainment,2025-11-27 11:22:00,1180,expense,"iffk Kailas",false,false,false,,
436,Cash,Groceries,2025-11-27 18:42:00,298,expense,"chicken",false,false,false,,
437,Cash,Groceries,2025-11-27 18:57:00,236,expense,"groceries",false,false,false,,
438,Cash,Cab/Ride Share,2025-11-29 09:14:00,950,expense,"petrol",false,false,false,,
439,Cash,Online Delivery,2025-11-30 15:05:00,330,expense,"",false,false,false,,
440,Cash,Credit Card EMI,2025-11-30 15:06:00,600,expense,"rental agreement",false,false,false,,
441,Cash,Home,2025-12-01 13:17:00,6000,expense,"Amma",false,false,false,,
442,Cash,Home,2025-12-01 13:17:00,6000,expense,"Achan",false,false,false,,
443,Cash,Home,2025-12-01 13:17:00,50000,expense,"Ettan - loan 3350 EMI 36 months",false,false,false,,
444,Cash,Social,2025-12-01 13:18:00,1000,expense,"Achu",false,false,false,,
445,Cash,Public Transit,2025-12-01 17:33:00,18,expense,"bus",false,false,false,,
446,Cash,Public Transit,2025-12-01 18:15:00,12,expense,"bus to palayam logtech",false,false,false,,
447,Cash,Credit Card EMI,2025-12-01 18:15:00,140,expense,"pressure cooker whistles",false,false,false,,
448,Cash,Credit Card EMI,2025-12-01 18:38:00,100,expense,"power extension",false,false,false,,
449,Cash,Online Delivery,2025-12-01 19:45:00,140,expense,"kothu porotta",false,false,false,,
450,Cash,Public Transit,2025-12-01 19:45:00,20,expense,"bus to karakulam",false,false,false,,
451,Cash,Groceries,2025-12-01 19:56:00,476,expense,"groceries",false,false,false,,
452,Cash,Salary,2025-12-01 20:34:00,140000,income,"",false,false,false,,
453,Cash,Cab/Ride Share,2025-12-02 12:41:00,120,expense,"uber to and from emma store amabalamukk",false,false,false,,
454,Cash,Home,2025-12-02 14:55:00,50000,expense,"ettan loan 3350 emi for 36 months",false,false,false,,
455,Cash,Public Transit,2025-12-02 16:09:00,20,expense,"bus to à´®àµà´²àµà´²à´¶àµà´¶àµ‡à´°à´¿  4.5 PM",false,false,false,,
456,Cash,Online Delivery,2025-12-02 20:38:00,385,expense,"mandi",false,false,false,,
457,Cash,Online Delivery,2025-12-03 10:00:00,142,expense,"breakfast",false,false,false,,
458,Cash,Credit Card EMI,2025-12-03 10:49:00,7230,expense,"gas connection indane 4400 refund",false,false,false,,
459,Cash,Online Delivery,2025-12-03 11:07:00,50,expense,"tender coconut",false,false,false,,
460,Cash,Credit Card EMI,2025-12-03 20:12:00,2304,expense,"cleaning utilities  k mart varkala",false,false,false,,
461,Cash,Groceries,2025-12-03 20:14:00,75,expense,"eggs",false,false,false,,
462,Cash,Entertainment,2025-12-03 20:26:00,310,expense,"",false,false,false,,
463,Cash,Entertainment,2025-12-03 20:28:00,54,expense,"cig",false,false,false,,
464,Cash,Public Transit,2025-12-04 10:00:00,15,expense,"bus to kowdiar",false,false,false,,
465,Cash,Online Delivery,2025-12-04 13:52:00,240,expense,"à´šàµˆà´¨àµ€à´¸àµ box",false,false,false,,
466,Cash,Cab/Ride Share,2025-12-04 14:00:00,50,expense,"uber to dtdc parcel",false,false,false,,
467,Cash,Online Delivery,2025-12-04 14:06:00,50,expense,"fruits",false,false,false,,
468,Cash,Cab/Ride Share,2025-12-04 14:17:00,60,expense,"to office from dtdc , book from jaisha",false,false,false,,
469,Cash,Public Transit,2025-12-04 16:27:00,58,expense,"train to tvc",false,false,false,,
470,Cash,Public Transit,2025-12-04 16:30:00,58,expense,"to vak",false,false,false,,
471,Cash,Online Delivery,2025-12-04 16:34:00,185,expense,"Altaza",false,false,false,,
472,Cash,Public Transit,2025-12-05 10:11:00,28,expense,"bus to à´®àµà´¯àµ‚à´¸à´¿à´¯à´‚ and to kowdiar",false,false,false,,
473,Cash,Public Transit,2025-12-05 13:38:00,162,expense,"tvc to VAK",false,false,false,,
474,Cash,Public Transit,2025-12-05 13:40:00,58,expense,"to tvc",false,false,false,,
475,Cash,Online Delivery,2025-12-05 13:51:00,180,expense,"Lunch chinesbox",false,false,false,,
476,Cash,Online Delivery,2025-12-05 17:21:00,628,expense,"berger",false,false,false,,
477,Cash,Public Transit,2025-12-05 18:04:00,15,expense,"bus to TVM",false,false,false,,
478,Cash,Online Delivery,2025-12-05 18:27:00,60,expense,"pineapple juice",false,false,false,,
479,Cash,Public Transit,2025-12-05 19:17:00,100,expense,"travel card",false,false,false,,
480,Cash,Credit Card EMI,2025-12-06 14:10:00,7794,expense,"house hold essentials",false,false,false,,
481,Cash,Health,2025-12-06 20:05:00,160,expense,"hospital migraine varkala",false,false,false,,
482,Cash,Online Delivery,2025-12-06 21:50:00,1323,expense,"food with ragi and kayvi chimney",false,false,false,,
483,Cash,Groceries,2025-12-06 22:03:00,99,expense,"milk and tea",false,false,false,,
484,Cash,Credit Card EMI,2025-12-07 19:39:00,600,expense,"Water Can",false,false,false,,
485,Cash,Groceries,2025-12-07 20:20:00,401,expense,"groceries",false,false,false,,
486,Cash,Groceries,2025-12-07 20:29:00,429,expense,"groceries fruits and veggies",false,false,false,,
487,Cash,Public Transit,2025-12-07 20:59:00,254,expense,"train to and back VAK - ERS Kailas",false,false,false,,
488,Cash,Credit Card EMI,2025-12-07 23:31:00,718,expense,"dish drainer",false,false,false,,
489,Cash,Cab/Ride Share,2025-12-09 10:45:00,86,expense,"uber auto from pettah to kowdiar",false,false,false,,
490,Cash,Credit Card EMI,2025-12-09 10:59:00,471,expense,"tcr home internet",false,false,false,,
491,Cash,Online Delivery,2025-12-09 16:49:00,230,expense,"à´¬à´¿à´°à´¿à´¯à´¾à´£à´¿",false,false,false,,
492,Cash,Cab/Ride Share,2025-12-09 16:49:00,130,expense,"uber for key duplication",false,false,false,,
493,Cash,Online Delivery,2025-12-09 19:19:00,40,expense,"snacks tvm station",false,false,false,,
494,Cash,Public Transit,2025-12-09 19:20:00,58,expense,"train on vanchinad",false,false,false,,
495,Cash,Public Transit,2025-12-09 21:07:00,58,expense,"train to tvc",false,false,false,,
496,Cash,Public Transit,2025-12-09 21:08:00,163,expense,"train to Vak",false,false,false,,
497,Cash,Groceries,2025-12-10 20:13:00,135,expense,"bournvita",false,false,false,,
498,Cash,Groceries,2025-12-10 20:14:00,440,expense,"groceries",false,false,false,,
499,Cash,Public Transit,2025-12-10 21:15:00,57,expense,"to vak train",false,false,false,,
500,Cash,Public Transit,2025-12-10 21:16:00,162,expense,"to trivandrum",false,false,false,,
501,Cash,Public Transit,2025-12-11 09:58:00,158,expense,"back to tvc",false,false,false,,
502,Cash,Public Transit,2025-12-11 17:17:00,158,expense,"train booked for 11th",false,false,false,,
503,Cash,Cab/Ride Share,2025-12-12 20:35:00,1073,expense,"petrol",false,false,false,,
504,Cash,Online Delivery,2025-12-13 09:13:00,734,expense,"dinner",false,false,false,,
505,Cash,Online Delivery,2025-12-13 14:04:00,289,expense,"nikunjam restaurant",false,false,false,,
506,Cash,Online Delivery,2025-12-13 17:25:00,70,expense,"snacks",false,false,false,,
507,Cash,Online Delivery,2025-12-14 06:49:00,84,expense,"food",false,false,false,,
508,Cash,Online Delivery,2025-12-14 09:14:00,215,expense,"breakfast  aryanivas",false,false,false,,
509,Cash,Online Delivery,2025-12-14 12:35:00,693,expense,"lunch azad",false,false,false,,
510,Cash,Cab/Ride Share,2025-12-14 13:49:00,60,expense,"uber to azad",false,false,false,,
511,Cash,Cab/Ride Share,2025-12-14 13:49:00,60,expense,"uber to jagathy",false,false,false,,
512,Cash,Cab/Ride Share,2025-12-14 13:49:00,60,expense,"uber to tagore",false,false,false,,
513,Cash,Credit Card EMI,2025-12-15 06:48:00,1000,expense,"t shirt vanaja collective",false,false,false,,
514,Cash,Cab/Ride Share,2025-12-15 06:50:00,65,expense,"uber",false,false,false,,
515,Cash,Online Delivery,2025-12-15 06:50:00,195,expense,"lunch biriyani",false,false,false,,
516,Cash,Online Delivery,2025-12-15 06:50:00,22,expense,"tea and snack",false,false,false,,
517,Cash,Cab/Ride Share,2025-12-15 06:51:00,1074.9,expense,"petrol",false,false,false,,
518,Cash,Online Delivery,2025-12-16 13:57:00,425,expense,"lunch with abhijith gps",false,false,false,,
519,Cash,Groceries,2025-12-16 18:22:00,647,expense,"",false,false,false,,
520,Cash,Online Delivery,2025-12-17 23:13:00,383,expense,"dinner",false,false,false,,
521,Cash,Groceries,2025-12-19 00:18:00,359,expense,"",false,false,false,,
522,Cash,Groceries,2025-12-19 00:19:00,149,expense,"",false,false,false,,
523,Cash,Groceries,2025-12-19 09:29:00,342,expense,"chicken  sonynchicken stall varkala",false,false,false,,
524,Cash,Public Transit,2025-12-19 13:27:00,1639,expense,"Train to Pune",false,false,false,,
525,Cash,Groceries,2025-12-19 13:28:00,25,expense,"brush",false,false,false,,
526,Cash,Entertainment,2025-12-20 16:14:00,1200,expense,"Sandy Bay DJ &Food",false,false,false,,
527,Cash,Groceries,2025-12-20 18:51:00,1450,expense,"krishna store groceries",false,false,false,,
528,Cash,Groceries,2025-12-21 11:47:00,400,expense,"chicken",false,false,false,,
529,Cash,Groceries,2025-12-21 11:47:00,100,expense,"chala meen",false,false,false,,
530,Cash,Groceries,2025-12-21 11:47:00,250,expense,"entho vallya meen",false,false,false,,
531,Cash,Cab/Ride Share,2025-12-21 12:10:00,1072,expense,"petrol",false,false,false,,
532,Cash,Groceries,2025-12-21 16:12:00,100,expense,"pazham",false,false,false,,
533,Cash,Entertainment,2025-12-21 19:36:00,2230,expense,"liquor",false,false,false,,
534,Cash,Public Transit,2025-12-22 09:45:00,58,expense,"train to tvc",false,false,false,,
535,Cash,Cab/Ride Share,2025-12-22 09:45:00,90,expense,"uber auto to office from pettah",false,false,false,,
536,Cash,Public Transit,2025-12-22 12:13:00,57,expense,"train back to vak",false,false,false,,
537,Cash,Social,2025-12-22 12:13:00,619,expense,"x mas party gift",false,false,false,,
538,Cash,Restaurants,2025-12-22 13:22:00,220,expense,"biriyani rehmaniya",false,false,false,,
539,Cash,Groceries,2025-12-23 18:10:00,144,expense,"k Mar groceries",false,false,false,,
540,Cash,Restaurants,2025-12-23 18:10:00,160,expense,"k mart food court",false,false,false,,
541,Cash,Restaurants,2025-12-24 21:38:00,35,expense,"softie",false,false,false,,
542,Cash,Restaurants,2025-12-25 00:08:00,220,expense,"drinks PVR",false,false,false,,
543,Cash,Cab/Ride Share,2025-12-25 01:54:00,60,expense,"parking fee lulu",false,false,false,,
544,Cash,Restaurants,2025-12-25 13:06:00,469,expense,"lunch kebabd dhukkan kazhakootam",false,false,false,,
545,Cash,Cab/Ride Share,2025-12-26 17:10:00,3950.41,expense,"Petrol",false,false,false,,
546,Cash,Entertainment,2025-12-27 20:52:00,475,expense,"sarwam maya",false,false,false,,
547,Cash,Groceries,2025-12-29 09:56:00,300,expense,"chiken",false,false,false,,
548,Cash,Groceries,2025-12-29 14:41:00,130,expense,"veggies",false,false,false,,
549,Cash,Health,2025-12-29 17:59:00,300,expense,"OP tickets",false,false,false,,
550,Cash,Health,2025-12-29 17:59:00,567,expense,"Medicine",false,false,false,,
551,Cash,Health,2025-12-29 18:00:00,32,expense,"mask and332 viks32",false,false,false,,
552,Cash,Groceries,2025-12-29 18:15:00,879,expense,"k mart shopping",false,false,false,,
553,Cash,Groceries,2025-12-29 18:19:00,123,expense,"veggies",false,false,false,,
554,Cash,Home,2026-01-01 08:15:00,6000,expense,"Amma wellbeing Pension a",false,false,false,,
555,Cash,Home,2026-01-01 08:16:00,6000,expense,"Achan wellbeing Pension",false,false,false,,
556,Cash,Rent,2026-01-01 09:50:00,18000,expense,"Varkala December month rent",false,false,false,,
557,Cash,Salary,2026-01-01 09:51:00,134000,income,"",false,false,false,,
558,Cash,Entertainment,2026-01-01 10:40:00,616,expense,"new year celebration alcohol",false,false,false,,
559,Cash,Restaurants,2026-01-01 10:42:00,480,expense,"jairam cafe new years eve",false,false,false,,
560,Cash,Mutual Funds,2026-01-01 12:38:00,13200,savings,"SIP",false,false,false,,
561,Cash,Mutual Funds,2026-01-01 14:59:00,3350,savings,"Kiyan fund",false,false,false,,
562,Cash,Health,2026-01-01 15:00:00,827,expense,"kailas Medicine",false,false,false,,
563,Cash,Insurance,2026-01-02 18:35:00,6296,expense,"Parental insurance, GPS",false,false,false,,
564,Cash,Restaurants,2026-01-03 10:56:00,165,expense,"breakfast Aryas varkala",false,false,false,,
565,Cash,Groceries,2026-01-03 13:25:00,70,expense,"watermelon",false,false,false,,
566,Cash,Groceries,2026-01-03 13:25:00,35,expense,"pre cooked chapathi",false,false,false,,
567,Cash,Restaurants,2026-01-05 13:55:00,200,expense,"biriyani rahmaniya",false,false,false,,
568,Cash,Public Transit,2026-01-05 13:55:00,20,expense,"bus to kowdiar",false,false,false,,
569,Cash,Mutual Funds,2026-01-05 14:00:00,4167,savings,"NPS",false,false,false,,
570,Cash,Mutual Funds,2026-01-05 14:23:00,5000,savings,"investment in stocks",false,false,false,,
571,Cash,Public Transit,2026-01-05 14:24:00,163,expense,"Train to Tvm",false,false,false,,
572,Cash,Social,2026-01-05 17:10:00,2000,expense,"Kiyan baby birthday",false,false,false,,
573,Cash,Cab/Ride Share,2026-01-06 11:22:00,60,expense,"uber for key duplication",false,false,false,,
574,Cash,Bills & Utilities,2026-01-06 11:27:00,500,expense,"key duplication  2 spare keys, from ambalamukk",false,false,false,,
575,Cash,Cab/Ride Share,2026-01-06 13:54:00,60,expense,"key duplication back to office",false,false,false,,
576,Cash,Public Transit,2026-01-07 13:53:00,63,expense,"Train to Varkala",false,false,false,,
577,Cash,Social,2026-01-07 13:54:00,3000,expense,"Aswathy phone repair",false,false,false,,
578,Cash,Social,2026-01-07 13:55:00,2000,expense,"Anil loan",false,false,false,,
579,Cash,Restaurants,2026-01-07 16:20:00,35,expense,"snack",false,false,false,,
580,Cash,Public Transit,2026-01-07 17:07:00,15,expense,"bus to tvc",false,false,false,,
581,Cash,Public Transit,2026-01-09 05:07:00,63,expense,"train to tvc",false,false,false,,
582,Cash,Public Transit,2026-01-09 10:19:00,560,expense,"Train to pune for Kailas cancelations and charges",false,false,false,,
583,Cash,Public Transit,2026-01-09 18:42:00,145,expense,"train to EKM",false,false,false,,
584,Cash,Groceries,2026-01-10 10:21:00,360,expense,"fruits",false,false,false,,
585,Cash,Social,2026-01-10 10:51:00,20216,expense,"education loan emi",false,false,false,,
586,Cash,Bills & Utilities,2026-01-10 11:17:00,475,expense,"internet home marottichal",false,false,false,,
587,Cash,Public Transit,2026-01-10 18:42:00,545,expense,"EKM to TCR",false,false,false,,
588,Cash,Credit Card EMI,2026-01-12 16:29:00,4353,expense,"Axis Card EMI",false,false,false,,
589,Cash,Bills & Utilities,2026-01-12 17:03:00,1849,expense,"amma mobile rech",false,false,false,,
590,Cash,Public Transit,2026-01-12 23:01:00,1149,expense,"Train to TvC from TCR",false,false,false,,
591,Cash,Restaurants,2026-01-13 14:20:00,240,expense,"Chinese box",false,false,false,,
592,Cash,Health,2026-01-14 11:56:00,250,expense,"hospital visit charge",false,false,false,,
593,Scapia card,Health,2026-01-14 11:58:00,316,expense,"medicine",false,false,false,,
594,Scapia card,Groceries,2026-01-14 12:32:00,449,expense,"chiken",false,false,false,,
595,Scapia card,Groceries,2026-01-14 12:32:00,437,expense,"chiken",false,false,false,,
596,Cash,Groceries,2026-01-14 12:38:00,100,expense,"banana",false,false,false,,
597,Cash,Groceries,2026-01-14 12:39:00,135,expense,"rice",false,false,false,,
598,Cash,Public Transit,2026-01-14 15:32:00,163,expense,"achan tvc ticket",false,false,false,,
599,Cash,Restaurants,2026-01-14 19:25:00,75,expense,"chai",false,false,false,,
600,Scapia card,Groceries,2026-01-14 20:48:00,421,expense,"groceries",false,false,false,,
601,Scapia card,Groceries,2026-01-14 20:48:00,409,expense,"veggies and fruits",false,false,false,,
602,Scapia card,Restaurants,2026-01-14 20:55:00,115,expense,"aryas dinnerq",false,false,false,,
603,Cash,Public Transit,2026-01-15 08:59:00,112,expense,"Train to tvm",false,false,false,,
604,Cash,Cab/Ride Share,2026-01-15 16:39:00,35000,expense,"Dio secondhand scooter",false,false,false,,
605,Cash,Fuel,2026-01-15 16:40:00,280,expense,"petrol",false,false,false,,
606,Cash,Public Transit,2026-01-15 18:14:00,163,expense,"train to Vak",false,false,false,,
607,Scapia card,Cab/Ride Share,2026-01-15 18:14:00,1390,expense,"Hemet",false,false,false,,
608,Scapia card,Restaurants,2026-01-15 18:57:00,127,expense,"dinner",false,false,false,,
609,Cash,Public Transit,2026-01-15 19:10:00,19,expense,"bus to tvm",false,false,false,,
610,Scapia card,Groceries,2026-01-16 16:25:00,440,expense,"groceries",false,false,false,,
611,Scapia card,Groceries,2026-01-16 16:32:00,290,expense,"groceries provision",false,false,false,,
612,Scapia card,Fuel,2026-01-17 19:27:00,392.53,expense,"petrol",false,false,false,,
613,Scapia card,Restaurants,2026-01-17 19:28:00,20,expense,"tea",false,false,false,,
614,Scapia card,Groceries,2026-01-18 08:31:00,272,expense,"provision",false,false,false,,
615,Cash,Restaurants,2026-01-18 19:51:00,380,expense,"mama champos",false,false,false,,
616,Scapia card,Restaurants,2026-01-18 21:42:00,879,expense,"dinner",false,false,false,,
617,Scapia card,Restaurants,2026-01-19 09:45:00,320,expense,"breakfast",false,false,false,,
618,Cash,Public Transit,2026-01-19 10:09:00,70,expense,"train to tvc",false,false,false,,
619,Scapia card,Groceries,2026-01-19 13:55:00,429,expense,"fruit",false,false,false,,
620,Cash,Home,2026-01-19 13:58:00,1500,expense,"Achan varkala",false,false,false,,
621,Scapia card,Cab/Ride Share,2026-01-19 17:01:00,135,expense,"uber one subscription",false,false,false,,
622,Cash,Cab/Ride Share,2026-01-19 17:19:00,83,expense,"uber",false,false,false,,
623,Cash,Cab/Ride Share,2026-01-20 09:03:00,80,expense,"pollution test",false,false,false,,
624,Cash,Cab/Ride Share,2026-01-20 09:35:00,120,expense,"Auto from pallichira marikalr honda",false,false,false,,
625,Cash,Public Transit,2026-01-20 19:51:00,63,expense,"train to tvm",false,false,false,,
626,Cash,Public Transit,2026-01-21 09:48:00,67,expense,"train",false,false,false,,
627,Cash,Cab/Ride Share,2026-01-21 09:48:00,100,expense,"uber",false,false,false,,
628,Scapia card,Groceries,2026-01-21 13:55:00,317,expense,"fruits",false,false,false,,
629,Cash,Cab/Ride Share,2026-01-21 18:30:00,120,expense,"to honda showroom",false,false,false,,
630,Cash,Cab/Ride Share,2026-01-21 18:30:00,83,expense,"to tvm uber",false,false,false,,
631,Cash,Cab/Ride Share,2026-01-21 18:54:00,5162,expense,"scooter service marikkar honda varkala",false,false,false,,
632,Cash,Health,2026-01-22 09:43:00,130,expense,"vitamin D",false,false,false,,
633,Cash,Cab/Ride Share,2026-01-22 10:26:00,95,expense,"uber to office",false,false,false,,
634,Scapia card,Restaurants,2026-01-22 11:45:00,80,expense,"tea break",false,false,false,,
635,Cash,Public Transit,2026-01-22 13:56:00,67,expense,"train to tvc",false,false,false,,
636,Scapia card,Clothing,2026-01-22 18:49:00,3093,expense,"zudio cloths",false,false,false,,
637,Scapia card,Personal Care,2026-01-22 19:14:00,798,expense,"cloths",false,false,false,,
638,Cash,Public Transit,2026-01-22 19:15:00,163,expense,"Traim",false,false,false,,
639,Cash,Cab/Ride Share,2026-01-22 19:15:00,64,expense,"to zudio",false,false,false,,
640,Scapia card,Restaurants,2026-01-22 19:42:00,86,expense,"dinner",false,false,false,,
641,Cash,Public Transit,2026-01-23 13:56:00,67,expense,"train to tvc",false,false,false,,
642,Cash,Cab/Ride Share,2026-01-23 16:57:00,87,expense,"uber to tvm",false,false,false,,
643,Cash,Public Transit,2026-01-23 16:58:00,162,expense,"train to vak",false,false,false,,
644,Cash,Cab/Ride Share,2026-01-23 16:58:00,103,expense,"uber to kazhakootam",false,false,false,,
645,Cash,Public Transit,2026-01-24 09:46:00,564,expense,"train to kottayam tom wedding",false,false,false,,
646,Cash,Groceries,2026-01-24 12:55:00,14,expense,"water bottle",false,false,false,,
647,Cash,Groceries,2026-01-24 14:33:00,292,expense,"fruits",false,false,false,,
648,Scapia card,Restaurants,2026-01-25 08:54:00,450,expense,"breakfast",false,false,false,,
649,Cash,Cab/Ride Share,2026-01-25 20:51:00,227,expense,"arunima to midayi place ekm uber",false,false,false,,
650,Cash,Cab/Ride Share,2026-01-25 20:52:00,80,expense,"auto to shanooj",false,false,false,,
651,Scapia card,Entertainment,2026-01-26 15:52:00,600,expense,"Binale ticket",false,false,false,,
652,Cash,Restaurants,2026-01-26 15:57:00,690,expense,"ice cream and snacks",false,false,false,,
653,Scapia card,Restaurants,2026-01-26 22:43:00,364,expense,"dinner",false,false,false,,
654,Cash,Social,2026-01-27 11:12:00,100,expense,"charity",false,false,false,,
655,Scapia card,Groceries,2026-01-27 11:50:00,341,expense,"chiken",false,false,false,,
656,Cash,Groceries,2026-01-27 11:51:00,450,expense,"Fish",false,false,false,,
657,Cash,Groceries,2026-01-27 12:06:00,110,expense,"water melon",false,false,false,,
658,Scapia card,Restaurants,2026-01-27 19:09:00,120,expense,"momos",false,false,false,,
659,Scapia card,Groceries,2026-01-27 19:09:00,512,expense,"vishnu groceries",false,false,false,,
660,Scapia card,Groceries,2026-01-27 19:09:00,1012,expense,"groceries",false,false,false,,
661,Axis Bank,Bills & Utilities,2026-01-28 08:00:00,387,expense,"wallets",false,false,false,,
662,Cash,Cab/Ride Share,2026-01-28 10:12:00,80,expense,"uber",false,false,false,,
663,Scapia card,Restaurants,2026-01-28 11:50:00,70,expense,"tea and snack",false,false,false,,
664,Cash,Cab/Ride Share,2026-01-28 11:50:00,86,expense,"uber to office",false,false,false,,
665,Cash,Public Transit,2026-01-28 11:50:00,63,expense,"Train ticket",false,false,false,,
666,Cash,Personal Care,2026-01-28 12:14:00,545,expense,"sunscreen",false,false,false,,
667,Scapia card,Groceries,2026-01-28 13:58:00,48,expense,"fruits",false,false,false,,
668,Cash,Public Transit,2026-01-28 14:30:00,63,expense,"train to vak",false,false,false,,
669,Scapia card,Groceries,2026-01-29 13:43:00,330,expense,"groceries",false,false,false,,
670,Cash,Public Transit,2026-01-29 14:32:00,63,expense,"train to tvc",false,false,false,,
671,Cash,Public Transit,2026-01-29 14:32:00,63,expense,"train to vak",false,false,false,,
672,Scapia card,Restaurants,2026-01-29 17:13:00,50,expense,"tea",false,false,false,,
673,Cash,Cab/Ride Share,2026-01-29 17:13:00,87,expense,"uber to office",false,false,false,,
674,Cash,Cab/Ride Share,2026-01-29 17:14:00,88,expense,"uber to railway",false,false,false,,
675,Cash,Health,2026-01-30 07:19:00,90,expense,"medical checkup achan",false,false,false,,
676,Scapia card,Cab/Ride Share,2026-01-30 09:52:00,86,expense,"uber to office",false,false,false,,
677,Scapia card,Groceries,2026-01-30 13:39:00,48,expense,"fruits",false,false,false,,
678,Cash,Public Transit,2026-01-30 14:34:00,63,expense,"train to Tvc",false,false,false,,
679,Axis Bank,Bills & Utilities,2026-01-30 14:43:00,1990,expense,"wired type c Headset from headphone zone",false,false,false,,
680,Cash,Restaurants,2026-01-31 12:47:00,50,expense,"ice cream",false,false,false,,
681,Cash,Home,2026-02-01 10:05:00,6000,expense,"Amma",false,false,false,,
682,Cash,Rent,2026-02-01 12:41:00,18000,expense,"Rent",false,false,false,,
683,Cash,Restaurants,2026-02-01 12:42:00,130,expense,"snack at vagamon peak",false,false,false,,
684,Cash,Salary,2026-02-01 12:48:00,144000,income,"",false,false,false,,
685,Cash,Mutual Funds,2026-02-01 12:54:00,5000,savings,"Stocks",false,false,false,,
686,Scapia card,Restaurants,2026-02-01 14:48:00,640,expense,"Team Lunch vagamon rani restaurant",false,false,false,,
687,Cash,Mutual Funds,2026-02-01 15:24:00,13200,savings,"SIPs",false,false,false,,
688,Cash,Mutual Funds,2026-02-01 15:30:00,3350,savings,"Kiyu investments",false,false,false,,
689,Scapia card,Groceries,2026-02-01 19:23:00,120,expense,"groceries",false,false,false,,
690,Cash,Social,2026-02-01 20:20:00,1000,expense,"Achu",false,false,false,,
691,Cash,Public Transit,2026-02-02 07:40:00,163,expense,"train to office",false,false,false,,
692,Cash,Home,2026-02-02 07:41:00,5000,expense,"Achan February",false,false,false,,
693,Cash,Insurance,2026-02-02 09:01:00,3148,expense,"Parental insurance, GPS",false,false,false,,
694,ICICI Saphiro,Credit Card EMI,2026-02-02 10:29:00,4132,expense,"ICICI Eamai",false,false,false,,
695,Scapia card,Groceries,2026-02-02 14:25:00,386,expense,"fruits and veggies",false,false,false,,
696,Cash,Cab/Ride Share,2026-02-02 17:58:00,90,expense,"uber to tvm",false,false,false,,
697,Cash,Public Transit,2026-02-02 17:59:00,15,expense,"bus to office",false,false,false,,
698,Cash,Public Transit,2026-02-03 07:57:00,67,expense,"train to office",false,false,false,,
699,Cash,Public Transit,2026-02-03 07:57:00,63,expense,"train to Vak",false,false,false,,
700,Cash,Cab/Ride Share,2026-02-03 10:01:00,87,expense,"uber to office",false,false,false,,
701,Axis Bank,Electronics,2026-02-03 13:15:00,197,expense,"pouch for earpiece",false,false,false,,
702,Cash,Mutual Funds,2026-02-03 14:08:00,5000,savings,"NPS pension fund investment",false,false,false,,
703,Cash,Public Transit,2026-02-03 17:59:00,15,expense,"bus to tvm",false,false,false,,
704,Cash,Public Transit,2026-02-04 07:58:00,63,expense,"Train to TVC",false,false,false,,
705,Cash,Public Transit,2026-02-04 07:58:00,63,expense,"Train to VAK",false,false,false,,
706,Cash,Cab/Ride Share,2026-02-04 11:09:00,86,expense,"uber to office",false,false,false,,
707,Scapia card,Bills & Utilities,2026-02-04 11:09:00,1332,expense,"office Bag and cloth storage boxes",false,false,false,,
708,Scapia card,Groceries,2026-02-04 15:38:00,80,expense,"fruitd",false,false,false,,
709,Scapia card,Bills & Utilities,2026-02-04 15:38:00,136,expense,"stationaries",false,false,false,,
710,Cash,Cab/Ride Share,2026-02-04 19:04:00,69.04,expense,"uber to lulu",false,false,false,,
711,Scapia card,Clothing,2026-02-04 19:41:00,798,expense,"zudio achan",false,false,false,,
712,Scapia card,Clothing,2026-02-04 19:43:00,1198,expense,"achan",false,false,false,,
713,Scapia card,Groceries,2026-02-04 20:14:00,743,expense,"lulu",false,false,false,,
714,Cash,Cab/Ride Share,2026-02-04 20:28:00,59,expense,"uber to ramesh place from lulu",false,false,false,,
715,Cash,Public Transit,2026-02-05 07:58:00,63,expense,"train to tvc",false,false,false,,
716,Cash,Public Transit,2026-02-05 07:59:00,63,expense,"train to vak",false,false,false,,
717,Cash,Groceries,2026-02-05 09:40:00,40,expense,"curd",false,false,false,,
718,Scapia card,Groceries,2026-02-05 13:54:00,48,expense,"Fruits",false,false,false,,
719,Cash,Public Transit,2026-02-05 16:47:00,192,expense,"train to vak",false,false,false,,
720,Cash,Cab/Ride Share,2026-02-05 17:00:00,81,expense,"uber to railway",false,false,false,,
721,Scapia card,Groceries,2026-02-05 19:24:00,280,expense,"veggies",false,false,false,,
722,Scapia card,Groceries,2026-02-05 19:24:00,73,expense,"sambar powder and milk",false,false,false,,
723,Cash,Restaurants,2026-02-05 21:17:00,150,expense,"fried rice",false,false,false,,
724,Scapia card,Restaurants,2026-02-06 19:33:00,630,expense,"dinner",false,false,false,,
725,Cash,Restaurants,2026-02-06 23:30:00,35,expense,"à´à´¸àµ à´•àµà´°àµ€à´‚",false,false,false,,
726,Cash,Groceries,2026-02-07 11:55:00,500,expense,"ðŸ™",false,false,false,,
727,Cash,Groceries,2026-02-07 11:55:00,300,expense,"fish choora",false,false,false,,
728,Cash,Groceries,2026-02-07 11:55:00,100,expense,"ðŸ¤ ðŸ¤ ðŸ¦",false,false,false,,
729,Cash,Groceries,2026-02-07 11:56:00,220,expense,"pazham, pavakka, cucumber",false,false,false,,
730,Scapia card,Bills & Utilities,2026-02-07 11:58:00,749,expense,"electricity bill",false,false,false,,
731,Cash,Public Transit,2026-02-07 12:00:00,189,expense,"jithin train",false,false,false,,
732,Scapia card,Groceries,2026-02-07 12:00:00,322,expense,"chiken",false,false,false,,
733,Cash,Groceries,2026-02-07 12:11:00,90,expense,"sarbath and curd",false,false,false,,
734,Cash,Groceries,2026-02-07 12:12:00,110,expense,"watermelon",false,false,false,,
735,Scapia card,Groceries,2026-02-07 19:25:00,314,expense,"pastha and cream",false,false,false,,
736,Scapia card,Health,2026-02-07 22:48:00,13,expense,"medicine Archie",false,false,false,,
737,Scapia card,Personal Care,2026-02-07 22:48:00,650,expense,"suvnioirs varkala",false,false,false,,
738,Scapia card,Bills & Utilities,2026-02-08 19:52:00,170,expense,"dish washer",false,false,false,,
739,Cash,Restaurants,2026-02-08 21:46:00,140,expense,"lime juice",false,false,false,,
740,Cash,Cab/Ride Share,2026-02-09 09:54:00,96,expense,"uber to office",false,false,false,,
741,Cash,Public Transit,2026-02-09 13:55:00,63,expense,"train to vak",false,false,false,,
742,Cash,Public Transit,2026-02-09 13:56:00,295,expense,"train to tvc",false,false,false,,
743,Scapia card,Bills & Utilities,2026-02-09 21:04:00,36,expense,"brush",false,false,false,,
744,Scapia card,Groceries,2026-02-09 21:05:00,48,expense,"fruits",false,false,false,,
745,Cash,Cab/Ride Share,2026-02-09 21:05:00,58,expense,"uber to kulathoor from kazhakootam",false,false,false,,
746,Cash,Public Transit,2026-02-09 21:06:00,32,expense,"fast to kazhakootam",false,false,false,,
747,Cash,Public Transit,2026-02-10 00:52:00,15,expense,"to palayam",false,false,false,,
748,Cash,Bills & Utilities,2026-02-10 09:18:00,471,expense,"internet kerala vision",false,false,false,,
749,Cash,Social,2026-02-10 09:46:00,20216,expense,"Education loan",false,false,false,,
750,Scapia card,Restaurants,2026-02-10 12:30:00,152,expense,"sp fort cafe",false,false,false,,
751,Scapia card,Restaurants,2026-02-10 12:38:00,175,expense,"juice",false,false,false,,
752,Cash,Public Transit,2026-02-10 13:55:00,63,expense,"train to TVC",false,false,false,,
753,Cash,Public Transit,2026-02-10 13:56:00,63,expense,"Train to Vak",false,false,false,,
754,Cash,Restaurants,2026-02-10 14:20:00,350,expense,"biriyani",false,false,false,,
755,Scapia card,Fuel,2026-02-10 14:20:00,500,expense,"vishnu car",false,false,false,,
756,Scapia card,Fuel,2026-02-10 20:40:00,1000,expense,"petrol vishnu car",false,false,false,,
757,Scapia card,Health,2026-02-11 09:09:00,280,expense,"Bandaid",false,false,false,,
758,Cash,Public Transit,2026-02-11 09:29:00,163,expense,"achan train",false,false,false,,
759,Scapia card,Cab/Ride Share,2026-02-11 09:35:00,77,expense,"uber to office",false,false,false,,
760,Scapia card,Restaurants,2026-02-11 12:47:00,90,expense,"snack",false,false,false,,
761,Cash,Public Transit,2026-02-11 13:57:00,163,expense,"train to tvc",false,false,false,,
762,Cash,Public Transit,2026-02-11 13:57:00,63,expense,"Train to vak",false,false,false,,
763,Scapia card,Restaurants,2026-02-11 16:50:00,245,expense,"biriyani parcels",false,false,false,,
764,Scapia card,Groceries,2026-02-11 17:08:00,206,expense,"chapathi eggs watermelon",false,false,false,,
765,Cash,Cab/Ride Share,2026-02-11 17:17:00,80,expense,"uber to tvm",false,false,false,,
766,Cash,Mutual Funds,2026-02-12 09:47:00,5000,savings,"shares of happiest mind",false,false,false,,
767,Cash,Public Transit,2026-02-12 13:58:00,63,expense,"train to tvc",false,false,false,,
768,Cash,Public Transit,2026-02-12 13:58:00,63,expense,"train to vak",false,false,false,,
769,Scapia card,Bills & Utilities,2026-02-12 17:07:00,504,expense,"water pre filter konvio neer amazon for marotti home",false,false,false,,
770,Cash,Cab/Ride Share,2026-02-13 10:08:00,87,expense,"uber",false,false,false,,
771,Scapia card,Groceries,2026-02-13 13:46:00,130,expense,"groceries",false,false,false,,
772,Cash,Public Transit,2026-02-13 13:59:00,63,expense,"train to tvc",false,false,false,,
773,Cash,Public Transit,2026-02-13 13:59:00,63,expense,"train to vak",false,false,false,,
774,Scapia card,Groceries,2026-02-14 12:30:00,140,expense,"coconut",false,false,false,,
775,Scapia card,Fuel,2026-02-14 15:16:00,1000,expense,"vishnu vandi",false,false,false,,
776,Cash,Restaurants,2026-02-14 15:16:00,500,expense,"zam zam biriyani",false,false,false,,
777,Scapia card,Restaurants,2026-02-16 11:40:00,20,expense,"snack",false,false,false,,
778,Scapia card,Groceries,2026-02-16 14:09:00,48,expense,"Fruits",false,false,false,,
779,Scapia card,Restaurants,2026-02-16 18:09:00,419,expense,"burger",false,false,false,,
780,Scapia card,Restaurants,2026-02-16 18:44:00,57,expense,"snack rasma",false,false,false,,
781,Scapia card,Groceries,2026-02-17 13:47:00,123,expense,"Fruit",false,false,false,,
782,Scapia card,Restaurants,2026-02-17 18:25:00,370,expense,"snack altaza",false,false,false,,
783,Scapia card,Groceries,2026-02-17 22:21:00,60,expense,"kappa",false,false,false,,
784,Scapia card,Health,2026-02-17 22:22:00,140,expense,"sompraz",false,false,false,,
785,Scapia card,Groceries,2026-02-18 13:55:00,85,expense,"fruits",false,false,false,,
786,Scapia card,Bills & Utilities,2026-02-19 12:15:00,1200,expense,"phone screen gaurd and lense cober",false,false,false,,
787,Scapia card,Health,2026-02-19 14:50:00,350,expense,"kailas re checkups",false,false,false,,
788,Scapia card,Restaurants,2026-02-19 16:09:00,57,expense,"snack",false,false,false,,
789,Scapia card,Health,2026-02-19 17:41:00,450,expense,"x ray",false,false,false,,
790,Scapia card,Health,2026-02-19 17:41:00,1565,expense,"belt Kailas",false,false,false,,
791,Scapia card,Restaurants,2026-02-19 19:43:00,278,expense,"pizza",false,false,false,,
792,Scapia card,Fuel,2026-02-19 19:44:00,416.98,expense,"Fuel full tank",false,false,false,,
793,Scapia card,Groceries,2026-02-20 13:43:00,108,expense,"fryit",false,false,false,,
794,Cash,Restaurants,2026-02-20 17:30:00,259,expense,"berger",false,false,false,,
795,Cash,Groceries,2026-02-20 18:50:00,50,expense,"pazham",false,false,false,,
796,Scapia card,Restaurants,2026-02-20 19:17:00,282,expense,"eat sure biriyani ordered",false,false,false,,
797,Cash,Social,2026-02-21 14:41:00,2000,expense,"to Anil chilla",false,false,false,,
798,Scapia card,Restaurants,2026-02-22 09:51:00,579,expense,"swiiggy",false,false,false,,
799,Scapia card,Groceries,2026-02-22 10:19:00,566,expense,"swiggy instamart",false,false,false,,
800,Scapia card,Groceries,2026-02-22 10:19:00,180,expense,"eggs from chilla",false,false,false,,
801,Scapia card,Groceries,2026-02-22 10:30:00,336,expense,"chiken",false,false,false,,
802,Scapia card,Insurance,2026-02-22 11:07:00,920,expense,"dio scooter insurance policy bazar",false,false,false,,
803,Cash,Social,2026-02-22 13:27:00,299,expense,"achu recharge 299",false,false,false,,
804,Scapia card,Personal Care,2026-02-23 13:51:00,769,expense,"shampoo and moisturizer",false,false,false,,
805,Cash,Groceries,2026-02-23 18:34:00,550,expense,"fruits",false,false,false,,
806,Scapia card,Groceries,2026-02-23 19:00:00,295,expense,"groceries",false,false,false,,
807,Scapia card,Groceries,2026-02-24 13:51:00,283,expense,"fruits and groceries",false,false,false,,
808,Cash,Cab/Ride Share,2026-02-25 14:07:00,550,expense,"RC Ownership change Charge",false,false,false,,
809,Cash,Cab/Ride Share,2026-02-25 14:07:00,50,expense,"parking fee",false,false,false,,
810,Scapia card,Groceries,2026-02-25 17:08:00,299,expense,"groceries",false,false,false,,
811,Super Money,Groceries,2026-02-25 17:54:00,100,expense,"pazham",false,false,false,,
812,Cash,Cab/Ride Share,2026-02-25 17:55:00,2300,expense,"scooter CEAT tyres and rim replacement",false,false,false,,
813,Super Money,Groceries,2026-02-26 18:47:00,160,expense,"panamnogh",false,false,false,,
814,Super Money,Restaurants,2026-02-26 19:57:00,565,expense,"KFC Nedumaangadu",false,false,false,,
815,Cash,Restaurants,2026-02-27 11:59:00,170,expense,"snack",false,false,false,,
816,Cash,Restaurants,2026-02-27 17:30:00,890,expense,"berger",false,false,false,,
817,Cash,Insurance,2026-02-27 19:03:00,3148,expense,"Parental insurance",false,false,false,,
818,Super Money,Restaurants,2026-02-28 13:03:00,120,expense,"snack",false,false,false,,
819,Super Money,Groceries,2026-02-28 14:16:00,542,expense,"groceries uppu ice cream",false,false,false,,
820,Super Money,Health,2026-02-28 19:27:00,114,expense,"kailas medicine",false,false,false,,
821,Super Money,Restaurants,2026-02-28 20:13:00,524,expense,"peparoni pizza",false,false,false,,
822,Cash,Social,2026-03-01 09:19:00,2000,expense,"Rahul chilla hospital for wife",false,false,false,,
823,Cash,Rent,2026-03-01 09:20:00,18000,expense,"Varkala veedu Rent",false,false,false,,
824,Scapia card,Entertainment,2026-03-01 10:09:00,681,expense,"masthiska marana. movie rani talkies me.kailas achu and anil",false,false,false,,
825,Cash,Mutual Funds,2026-03-01 10:45:00,14000,savings,"groww 5.6k indmoney 8.4k",false,false,false,,
826,Cash,Mutual Funds,2026-03-01 10:59:00,5000,savings,"SBI FD 1 year 6.25% returns",false,false,false,,
827,Scapia card,Entertainment,2026-03-01 17:20:00,510,expense,"movie kuri and twachers",false,false,false,,
828,Cash,Mutual Funds,2026-03-01 17:22:00,4000,savings,"indmoney and grow ETF bought",false,false,false,,
829,Cash,Credit Card EMI,2026-03-01 18:05:00,3022,expense,"axis bank EMI  paid total of 5576 2k was spent last month rest added as EMI",false,false,false,,
830,Cash,Credit Card EMI,2026-03-01 18:22:00,3834,expense,"Axis card EMI",false,false,false,,
831,Cash,Salary,2026-03-01 18:24:00,142300,income,"Salary Jan",false,false,false,,
832,Cash,Mutual Funds,2026-03-01 18:58:00,5000,savings,"NPS",false,false,false,,
833,Cash,Insurance,2026-03-01 19:03:00,3148,expense,"company Sponsor Parents insurance",false,false,false,,
834,Cash,Mutual Funds,2026-03-01 19:13:00,3350,savings,"Kiyu investment funds ind money invesco india mid cap fund",false,false,false,,
835,Cash,Home,2026-03-01 19:20:00,12000,expense,"Achan and Amma 6k Pension scheme",false,false,false,,
836,Cash,Restaurants,2026-03-01 20:54:00,340,expense,"shawaya nedumangad",false,false,false,,
837,Super Money,Restaurants,2026-03-02 13:27:00,110,expense,"kombucha",false,false,false,,
838,Super Money,Restaurants,2026-03-02 13:36:00,50,expense,"snack",false,false,false,,
839,Cash,Social,2026-03-02 20:25:00,2000,expense,"koottu gpay siddhar anil uncle chilla",false,false,false,,
840,Super Money,Restaurants,2026-03-03 18:47:00,752,expense,"KFC",false,false,false,,
841,Super Money,Restaurants,2026-03-03 18:47:00,570,expense,"Cake",false,false,false,,
842,Super Money,Restaurants,2026-03-03 18:47:00,860,expense,"Full Mandhi",false,false,false,,
843,Cash,Bills & Utilities,2026-03-04 08:12:00,39,expense,"extra data on airtel",false,false,false,,
844,Cash,Restaurants,2026-03-04 18:25:00,425,expense,"nedumangau kuzhimandi",false,false,false,,
845,Super Money,Cab/Ride Share,2026-03-04 18:53:00,350,expense,"scooter seat cover chithira nedumangadu",false,false,false,,
846,Cash,Restaurants,2026-03-05 19:29:00,870,expense,"chines box",false,false,false,,
847,Cash,Health,2026-03-05 19:30:00,350,expense,"kailas sp fort OP",false,false,false,,
848,Super Money,Groceries,2026-03-06 08:18:00,115,expense,"groceries",false,false,false,,
849,Super Money,Groceries,2026-03-06 14:23:00,657,expense,"groceries",false,false,false,,
850,Super Money,Groceries,2026-03-06 18:22:00,120,expense,"pazham mavu inji",false,false,false,,
851,Super Money,Groceries,2026-03-06 18:22:00,344,expense,"chicken",false,false,false,,
852,Super Money,Restaurants,2026-03-07 12:33:00,120,expense,"karikk",false,false,false,,
853,Super Money,Groceries,2026-03-07 12:47:00,95,expense,"bread",false,false,false,,
854,Super Money,Fuel,2026-03-07 19:19:00,1600,expense,"espress car",false,false,false,,
855,Cash,,2026-03-09 07:35:00,3892,transfer,"credit Card Bill",false,false,false,,ICICI Saphiro
856,Cash,,2026-03-09 07:37:00,32951,transfer,"credit card bill payment",false,false,false,,Scapia card
857,Cash,,2026-03-09 07:38:00,5597,transfer,"",false,false,false,,Axis Bank
858,Cash,,2026-03-09 07:40:00,2547,transfer,"Credit Card Bill Payment",false,false,false,,Super Money
859,Super Money,Groceries,2026-03-09 13:59:00,171,expense,"groceries",false,false,false,,
860,Cash,Groceries,2026-03-09 18:18:00,260,expense,"frutis",false,false,false,,
861,Super Money,Personal Care,2026-03-10 09:00:00,249,expense,"head covering cloth",false,false,false,,
862,Cash,Education Loan,2026-03-10 09:42:00,20216,expense,"Education loan",false,false,false,,
863,Cash,Bills & Utilities,2026-03-10 17:59:00,471,expense,"internet kerala vision",false,false,false,,
864,Cash,Public Transit,2026-03-10 18:00:00,60,expense,"kailas train ticket booked and canceled  cancellation charges",false,false,false,,
865,Cash,Public Transit,2026-03-11 05:17:00,679,expense,"Vande bharat train to EKM",false,false,false,,
866,Cash,Cab/Ride Share,2026-03-11 08:54:00,13,expense,"uber to hospital kailas erankulam.medical centre",false,false,false,,
867,Super Money,Restaurants,2026-03-11 09:04:00,85,expense,"canteen breakfast",false,false,false,,
868,Cash,Restaurants,2026-03-11 11:39:00,176,expense,"canteen food hospital",false,false,false,,
869,Scapia card,Restaurants,2026-03-11 12:34:00,398,expense,"eat sure food order",false,false,false,,
870,Super Money,Restaurants,2026-03-11 12:47:00,120,expense,"karikk",false,false,false,,
871,Cash,Restaurants,2026-03-11 14:26:00,60,expense,"karikk",false,false,false,,
872,Super Money,Restaurants,2026-03-11 18:22:00,44,expense,"chaya and bun",false,false,false,,
873,Super Money,Restaurants,2026-03-12 03:44:00,45,expense,"snack",false,false,false,,
874,Super Money,Restaurants,2026-03-12 09:03:00,95,expense,"breakfast EMC",false,false,false,,
875,Cash,Mutual Funds,2026-03-12 09:33:00,5218,savings,"IiRCTC stock",false,false,false,,
876,Cash,Restaurants,2026-03-12 11:12:00,240,expense,"canteen bill kailas",false,false,false,,
877,Super Money,Restaurants,2026-03-12 12:50:00,180,expense,"lunch EMC canteen",false,false,false,,
878,Cash,,2026-03-12 13:02:00,1737,transfer,"credit card bill of March",false,false,false,,Axis Bank
879,Axis Bank,Credit Card EMI,2026-03-12 13:03:00,1737,expense,"EMI of health insurance Ettans family",false,false,false,,
880,Super Money,Restaurants,2026-03-12 20:26:00,315,expense,"dinners at EMC canteen",false,false,false,,
881,Super Money,Restaurants,2026-03-13 10:19:00,85,expense,"breakfast EMC kailas",false,false,false,,
882,Super Money,Online Delivery,2026-03-13 10:39:00,120,expense,"karikk",false,false,false,,
883,Scapia card,Public Transit,2026-03-13 11:48:00,2090,expense,"Train Ticket to Goa for Sagars wedding",false,false,false,,
884,Cash,Public Transit,2026-03-13 12:00:00,1250,expense,"Goa to Pune train",false,false,false,,
885,Super Money,Restaurants,2026-03-13 12:52:00,170,expense,"canteen bill",false,false,false,,
886,Super Money,Restaurants,2026-03-13 13:55:00,85,expense,"canteen EMC",false,false,false,,
887,Super Money,Bills & Utilities,2026-03-13 14:49:00,69,expense,"extra data for jio",false,false,false,,
888,Scapia card,Health,2026-03-13 17:07:00,1385,expense,"Health checkup for lipid profile",false,false,false,,
889,Super Money,Restaurants,2026-03-13 18:26:00,60,expense,"karikk",false,false,false,,
890,Super Money,Restaurants,2026-03-13 20:42:00,168,expense,"chiken noodels",false,false,false,,
891,Super Money,Restaurants,2026-03-13 20:58:00,30,expense,"bun",false,false,false,,
892,Cash,Public Transit,2026-03-14 10:24:00,894,expense,"train back to TVC",false,false,false,,
893,Super Money,Restaurants,2026-03-14 11:02:00,10,expense,"tea",false,false,false,,
894,Super Money,Restaurants,2026-03-14 11:03:00,120,expense,"tender coconut",false,false,false,,
895,Super Money,Restaurants,2026-03-14 11:24:00,253,expense,"kailas canteen bill",false,false,false,,
896,Super Money,Online Delivery,2026-03-14 12:44:00,63,expense,"kanji parcel",false,false,false,,
897,Super Money,Restaurants,2026-03-14 12:56:00,169,expense,"lunch chorum meenum",false,false,false,,
898,Super Money,Online Delivery,2026-03-14 14:48:00,120,expense,"tender coconut",false,false,false,,
899,Super Money,Restaurants,2026-03-14 18:54:00,63,expense,"kanji for kailu",false,false,false,,
900,Super Money,Restaurants,2026-03-14 19:49:00,235,expense,"dinner from canteen",false,false,false,,
901,Super Money,Online Delivery,2026-03-14 20:21:00,30,expense,"bun",false,false,false,,
902,Super Money,Online Delivery,2026-03-15 07:46:00,63,expense,"breakfast for kailas",false,false,false,,
903,Super Money,Restaurants,2026-03-15 08:01:00,95,expense,"canteen breakfast",false,false,false,,
904,Scapia card,Restaurants,2026-03-15 12:36:00,169,expense,"canteen unnu and meen",false,false,false,,
905,Scapia card,Online Delivery,2026-03-15 12:37:00,120,expense,"tender coconut",false,false,false,,
906,Scapia card,Bills & Utilities,2026-03-15 13:44:00,883,expense,"Electricity  Varkala home",false,false,false,,
907,Scapia card,Online Delivery,2026-03-15 15:49:00,143,expense,"pomegranate juice",false,false,false,,
908,Scapia card,Online Delivery,2026-03-15 17:57:00,314,expense,"swiggy salad",false,false,false,,
909,Cash,Cab/Ride Share,2026-03-15 18:52:00,99,expense,"uber to ERN",false,false,false,,
910,Scapia card,Fuel,2026-03-16 09:54:00,450.29,expense,"450.29 rupees 4.15 liters for full tank scooter dio",false,false,false,,
911,Scapia card,Restaurants,2026-03-16 13:49:00,235,expense,"biriyani rehmaniya",false,false,false,,
912,Cash,Social,2026-03-16 16:07:00,2123,expense,"chilla website domain purchase",false,false,false,,
913,Scapia card,Groceries,2026-03-17 17:55:00,419,expense,"veggies",false,false,false,,
914,Scapia card,Groceries,2026-03-17 18:15:00,314,expense,"chicken",false,false,false,,
915,Scapia card,Groceries,2026-03-17 18:26:00,388,expense,"rice and greengram",false,false,false,,
916,Cash,Social,2026-03-17 20:28:00,300,expense,"Achu food",false,false,false,,
917,Cash,Health,2026-03-18 09:38:00,1170,expense,"medical checkup",false,false,false,,
918,Scapia card,Online Delivery,2026-03-18 11:51:00,85,expense,"",false,false,false,,
919,Cash,Home,2026-03-19 16:31:00,5000,expense,"Ettan for emergency fund",false,false,false,,
920,Cash,Health,2026-03-20 17:24:00,9873,expense,"SBI genral insurance super top up   Dear SWARAJ K S, Your Policy No. POSTUP00100009607 issued on 20-03-2026  has  been emailed to you on registered email id. Team SBI General.",false,false,false,,
921,Scapia card,Restaurants,2026-03-21 12:47:00,761,expense,"paragon",false,false,false,,
922,Scapia card,Groceries,2026-03-21 13:08:00,690,expense,"lulu groceries",false,false,false,,
923,Scapia card,Bills & Utilities,2026-03-21 13:14:00,1598,expense,"pillow",false,false,false,,
924,Scapia card,Bills & Utilities,2026-03-21 13:24:00,30,expense,"Parking fees lulu",false,false,false,,
925,Cash,Online Delivery,2026-03-21 15:11:00,120,expense,"coconut water",false,false,false,,
926,Scapia card,Groceries,2026-03-21 15:56:00,380,expense,"Chiken",false,false,false,,
927,Scapia card,Groceries,2026-03-21 15:56:00,454,expense,"groceries for the party",false,false,false,,
928,Scapia card,Bills & Utilities,2026-03-22 15:40:00,270,expense,"Pillow cover",false,false,false,,
929,Scapia card,Fuel,2026-03-23 18:08:00,212.81,expense,"petrol 1.98 liter 107.48/liter 72.3 km mileage for 1.98L 36.51 / liter",false,false,false,,
930,Cash,Bills & Utilities,2026-03-24 12:40:00,5500,expense,"chair and table",false,false,false,,
931,Scapia card,Groceries,2026-03-24 18:50:00,252,expense,"groceries swiggy instamart",false,false,false,,
932,Scapia card,Online Delivery,2026-03-25 11:45:00,95,expense,"snack",false,false,false,,
933,Scapia card,Groceries,2026-03-25 18:11:00,423,expense,"chiken",false,false,false,,
934,Scapia card,Groceries,2026-03-26 20:19:00,585,expense,"groceries and snacks azad bakery",false,false,false,,
935,Cash,Online Delivery,2026-03-26 21:10:00,710,expense,"SFC take away nedumangadu",false,false,false,,
936,Cash,Cab/Ride Share,2026-03-28 12:07:00,380,expense,"auto",false,false,false,,
937,Cash,Public Transit,2026-03-28 12:07:00,100,expense,"train to varkala",false,false,false,,
938,Cash,Social,2026-03-28 12:07:00,400,expense,"achu visit to Asha",false,false,false,,
939,Cash,Social,2026-03-28 12:08:00,3000,expense,"anil chilla",false,false,false,,
940,Cash,Restaurants,2026-03-28 13:09:00,300,expense,"meals",false,false,false,,
941,Cash,Cab/Ride Share,2026-03-28 15:18:00,60,expense,"auto",false,false,false,,
942,Scapia card,Restaurants,2026-03-28 17:15:00,85,expense,"snack",false,false,false,,
943,Scapia card,Groceries,2026-03-29 10:36:00,280,expense,"groceries",false,false,false,,
944,Cash,Restaurants,2026-03-30 11:16:00,74,expense,"snacks",false,false,false,,
945,Scapia card,Groceries,2026-03-31 17:37:00,734,expense,"groceries",false,false,false,,
946,Scapia card,Groceries,2026-03-31 17:58:00,90,expense,"",false,false,false,,
947,Cash,Home,2026-04-01 07:37:00,12000,expense,"Amma and Achan Pension",false,false,false,,
948,Cash,Social,2026-04-01 07:39:00,2500,expense,"Achu",false,false,false,,
949,Scapia card,Groceries,2026-04-01 18:27:00,70,expense,"greens",false,false,false,,
950,Cash,Cab/Ride Share,2026-04-01 18:27:00,40,expense,"parking",false,false,false,,
951,Cash,Cab/Ride Share,2026-04-01 18:27:00,50,expense,"parking on air transactions might fail",false,false,false,,
952,Scapia card,Fuel,2026-04-01 18:42:00,700,expense,"spresso car",false,false,false,,
953,Cash,,2026-04-02 06:57:00,3885,transfer,"credit card bill",false,false,false,,ICICI Saphiro
954,Scapia card,Groceries,2026-04-02 17:51:00,305,expense,"chicken",false,false,false,,
955,Cash,,2026-04-02 19:45:00,8649,transfer,"credit card bill payment",false,false,false,,Super Money
956,Cash,,2026-04-02 19:48:00,14091,transfer,"credit card bill for March",false,false,false,,ICICI Saphiro
957,Cash,,2026-04-02 19:51:00,1794,transfer,"credit card payment for the month of March",false,false,false,,Axis Bank
958,Cash,Mutual Funds,2026-04-03 12:00:00,7400,savings,"indmoney SIP",false,false,false,,
959,Cash,Salary,2026-04-03 12:01:00,142300,income,"",false,false,false,,
960,Cash,Health,2026-04-03 12:02:00,3148,expense,"company Sponsor Parents insurance",false,false,false,,
961,Scapia card,Bills & Utilities,2026-04-05 01:45:00,2192,expense,"claud subscription",false,false,false,,
962,Scapia card,Groceries,2026-04-05 18:28:00,629,expense,"swiggy instamart",false,false,false,,
963,Scapia card,Restaurants,2026-04-05 22:16:00,480,expense,"chines box",false,false,false,,
964,Scapia card,Fuel,2026-04-05 22:32:00,450,expense,"car",false,false,false,,
965,Cash,Mutual Funds,2026-04-07 09:22:00,6600,savings,"SIP Grow",false,false,false,,
966,Scapia card,Groceries,2026-04-07 18:40:00,828,expense,"groceries",false,false,false,,
967,Cash,Mutual Funds,2026-04-08 21:10:00,5000,savings,"NPS",false,false,false,,
968,Cash,Mutual Funds,2026-04-08 21:15:00,5000,savings,"5000 in SBI FD",false,false,false,,
969,Cash,Mutual Funds,2026-04-08 21:21:00,5000,savings,"FD HDFC savings",false,false,false,,
970,Cash,Mutual Funds,2026-04-08 21:26:00,3350,savings,"kiyu fund ettan EMI",false,false,false,,
971,Cash,Bills & Utilities,2026-04-09 21:57:00,470.82,expense,"internet kerala vision",false,false,false,,
972,Scapia card,Groceries,2026-04-10 21:09:00,635,expense,"swiggy groceries",false,false,false,,
973,Cash,Social,2026-04-10 22:45:00,20216,expense,"Education loan",false,false,false,,
974,Cash,Mutual Funds,2026-04-10 22:52:00,10056,savings,"wint wealth",false,false,false,,
975,Scapia card,Online Delivery,2026-04-12 05:52:00,105,expense,"snack and stickers",false,false,false,,
976,ICICI Saphiro,Groceries,2026-04-12 11:20:00,270,expense,"fruits",false,false,false,,
977,Cash,Home,2026-04-12 11:20:00,5000,expense,"Ettan Vishu",false,false,false,,
978,Cash,Home,2026-04-12 11:21:00,4000,expense,"vishu kaineetam atm withdrawal",false,false,false,,
979,ICICI Saphiro,Groceries,2026-04-12 11:37:00,280,expense,"groceries",false,false,false,,
980,ICICI Saphiro,Groceries,2026-04-12 11:37:00,600,expense,"pork",false,false,false,,
981,Cash,Social,2026-04-15 11:42:00,501,expense,"Achu vishu kaineetsm",false,false,false,,
982,Cash,Cab/Ride Share,2026-04-15 22:17:00,600,expense,"Travel to Railway station",false,false,false,,
983,Cash,Online Delivery,2026-04-15 23:42:00,40,expense,"snak",false,false,false,,
984,Cash,Public Transit,2026-04-17 14:03:00,193,expense,"Train to Varkala",false,false,false,,
985,ICICI Saphiro,Groceries,2026-04-17 18:07:00,180,expense,"fruits",false,false,false,,
986,ICICI Saphiro,Fuel,2026-04-17 18:08:00,404.16,expense,"scooter petrol  previous milage  96/2.46 = 39 KM/L",false,false,false,,
987,Cash,Cab/Ride Share,2026-04-18 09:23:00,60,expense,"parking fee at railway",false,false,false,,
988,Cash,Credit Card EMI,2026-04-18 13:23:00,58,expense,"printout",false,false,false,,
989,Scapia card,Online Delivery,2026-04-18 14:48:00,660,expense,"",false,false,false,,
990,Scapia card,Clothing,2026-04-20 06:52:00,503,expense,"cloth organizing bags for trip",false,false,false,,
991,Super Money,Groceries,2026-04-20 18:41:00,586,expense,"groceries",false,false,false,,
992,Super Money,Groceries,2026-04-20 19:07:00,30,expense,"green leafy veggies",false,false,false,,
993,Cash,Groceries,2026-04-20 19:09:00,265,expense,"chiken",false,false,false,,
994,Cash,Groceries,2026-04-20 19:12:00,50,expense,"cheera",false,false,false,,
995,Super Money,Health,2026-04-20 19:12:00,106,expense,"vitamin d 2k",false,false,false,,
996,Scapia card,Groceries,2026-04-21 21:55:00,110,expense,"pazham and bread",false,false,false,,
